,flip-class,premID,premise,hypoID,hypothesis,orig-hypothesis,lab_count,maj_count,mask-type,model-label,response,model-wrong,orig-label
0,Uncertain-Flip,131.0,"If the job were held by someone other than Tripp, would it pay any less or involve any more work?",48.0,Would the job pay more if it were not held by Tripp?,Would the job pay less if it were not held by Tripp?,2.0,3.0,data-slices,contradiction,neutral,True,entailment
1,Uncertain-Flip,131.0,"If the job were held by someone other than Tripp, would it pay any less or involve any more work?",51.0,Would the job pay less if it were done by Tripp?,Would the job pay less if it were not held by Tripp?,2.0,3.0,data-slices,contradiction,neutral,True,entailment
2,Uncertain-Same,131.0,"If the job were held by someone other than Tripp, would it pay any less or involve any more work?",52.0,Would the job be better if it were not held by Tripp?,Would the job pay less if it were not held by Tripp?,1.0,3.0,data-slices,entailment,neutral,True,entailment
3,Certain-Flip,131.0,"If the job were held by someone other than Tripp, would it pay any less or involve any more work?",53.0,Would the job pay less if it were only held by Tripp?,Would the job pay less if it were not held by Tripp?,2.0,3.0,data-slices,contradiction,neutral,True,entailment
4,Uncertain-Flip,427.0,"The Malla period saw completion of Nepal's most important palaces, temples, and works of art.",2269.0,The Malla period saw advancements in either the arts or sciences.,The Malla period saw no advancements in either the arts or sciences.,1.0,3.0,content-words,neutral,entailment,True,contradiction
6,Uncertain-Same,427.0,"The Malla period saw completion of Nepal's most important palaces, temples, and works of art.",2279.0,The Malla period saw no advancements in either the economy or sciences.,The Malla period saw no advancements in either the arts or sciences.,1.0,3.0,content-words,contradiction,neutral,True,contradiction
9,Uncertain-Same,479.0,"Public courses are very popular, so book in advance.",2656.0,Private courses aren't popular so it's easy to sign up for one.,Public courses aren't popular so it's easy to sign up for one.,2.0,3.0,content-words,contradiction,neutral,True,contradiction
10,Uncertain-Flip,479.0,"Public courses are very popular, so book in advance.",2660.0,"Public courses are very popular, so it's easy to sign up for one.",Public courses aren't popular so it's easy to sign up for one.,2.0,3.0,content-words,neutral,contradiction,True,contradiction
12,Uncertain-Same,632.0,boring and they really don't help you a whole lot now see i went to ET and i took one course through TWU,1801.0,I took two courses on how I can become a better chef through TWU.,I took two courses on how to become a better chef through TWU.,2.0,3.0,gradient,neutral,contradiction,True,neutral
13,Uncertain-Same,632.0,boring and they really don't help you a whole lot now see i went to ET and i took one course through TWU,1802.0,I took two courses to become a better chef through TWU.,I took two courses on how to become a better chef through TWU.,2.0,3.0,gradient,neutral,contradiction,True,neutral
19,Uncertain-Flip,1125.0,The Megaron Gyzi Museum to the north of the cable car station is housed in a beautiful 17th-century fortified house.,5757.0,There is a cable car station to the south of the Megaron Gyzi Museum.,There is a cable car stop at the Megaron Gyzi Museum.,1.0,2.0,content-words,entailment,neutral,True,neutral
24,Uncertain-Same,1252.0,The National Park Service can also give information about facilities and events in the west coast's national park system; phone (818) 597-9192.,6378.0,The national and state parks sometimes offer information about their respective park areas.,The national and state parks sometimes offer joint activities in their respective park areas.,2.0,3.0,content-words,neutral,entailment,True,neutral
26,Uncertain-Flip,1252.0,The National Park Service can also give information about facilities and events in the west coast's national park system; phone (818) 597-9192.,6402.0,The national and state parks sometimes offer information about activities in their respective park areas.,The national and state parks sometimes offer joint activities in their respective park areas.,2.0,3.0,content-words,entailment,neutral,True,neutral
27,Uncertain-Same,1265.0,"California has the highest number of people in poverty in the nation - 6.4 million, including nearly one in five children.",3490.0,Nearly one in three children in California live in poverty.,Nearly one in five children in California live in poverty.,1.0,3.0,gradient,entailment,contradiction,True,entailment
33,Uncertain-Same,1435.0,Curved swords hung on their hip and bows sat across their backs.,7471.0,They had swords across their backs and arrows in their bags.,They had bows on their backs and arrows in their bags.,1.0,3.0,content-words,neutral,contradiction,True,neutral
37,Uncertain-Same,2175.0,"A short walk from Uji-Yamada Station is Geku, the Outer Shrine.",6270.0,The Outer Shrine of Uji-Yamada.,The Outer Shrine of Uji-Yamada is called Geku.,2.0,3.0,gradient,entailment,neutral,True,entailment
38,Uncertain-Same,2176.0,"The number of total accesses by the two firms will, however, be greater than the total experienced by the incumbent alone.",11458.0,The incumbent has experienced a high level of success during the examination.,The incumbent has experienced a high level of accesses and needs examination.,2.0,3.0,content-words,contradiction,neutral,True,contradiction
39,Uncertain-Same,2176.0,"The number of total accesses by the two firms will, however, be greater than the total experienced by the incumbent alone.",11465.0,The incumbent has experienced a high level of success and needs examination.,The incumbent has experienced a high level of accesses and needs examination.,1.0,3.0,content-words,contradiction,neutral,True,contradiction
40,Certain-Same,2176.0,"The number of total accesses by the two firms will, however, be greater than the total experienced by the incumbent alone.",11466.0,The incumbent has experienced a large increase in accesses and needs examination.,The incumbent has experienced a high level of accesses and needs examination.,1.0,3.0,content-words,contradiction,neutral,True,contradiction
42,Uncertain-Flip,2207.0,that does sound like fun well i've gotten some good ideas from you,11636.0,"That sounds like fun, that was actually one of my ideas as well.",That one was actually one of my ideas as well.,2.0,3.0,content-words,entailment,contradiction,True,neutral
43,Certain-Flip,2207.0,that does sound like fun well i've gotten some good ideas from you,11639.0,That one was actually one I got from you as well.,That one was actually one of my ideas as well.,1.0,3.0,content-words,entailment,neutral,True,neutral
44,Uncertain-Same,2207.0,that does sound like fun well i've gotten some good ideas from you,11641.0,That sounds like one of my ideas as well.,That one was actually one of my ideas as well.,2.0,3.0,content-words,neutral,contradiction,True,neutral
47,Uncertain-Flip,2289.0,"If you want to look at the actual menu and see what else is offered, then you should ask for  la carta.  ",1321.0,La carta is the best way to ask for a physical menu to look at.,There is no way to ask for a physical menu to look at.,1.0,3.0,data-slices,entailment,neutral,True,contradiction
53,Uncertain-Flip,2317.0,"Then them Rebs started playin' rough, an' we jus' gave 'em a lesson.""Fowler snorted.",12241.0,The Rebs were given a lesson because they played.,The Rebs were given a lesson because they played soft.,2.0,3.0,content-words,entailment,neutral,True,contradiction
55,Uncertain-Same,2776.0,Each agency's internal control over the payment process should be based on the operating needs of the agency.,7879.0,Control over the payment process should be based on the management needs of the agency.,Control over the payment process should be based on the needs of the agency.,2.0,3.0,gradient,entailment,neutral,True,entailment
56,Uncertain-Same,2776.0,Each agency's internal control over the payment process should be based on the operating needs of the agency.,7880.0,Control over the payment process should be based solely on the needs of the agency.,Control over the payment process should be based on the needs of the agency.,1.0,3.0,gradient,entailment,neutral,True,entailment
57,Uncertain-Flip,2776.0,Each agency's internal control over the payment process should be based on the operating needs of the agency.,7881.0,Control over the payment process should be based on the financial needs of the agency.,Control over the payment process should be based on the needs of the agency.,2.0,3.0,gradient,contradiction,neutral,True,entailment
61,Uncertain-Same,2814.0,"He chased the money-lenders out of the Temple, didn't he?",14763.0,"There were, at one point, many money-lenders in the temple.","There were, at one time, money-lenders in the temple. ",1.0,3.0,content-words,entailment,neutral,True,entailment
62,Uncertain-Flip,2878.0,Main Street's Mulan Parade is a dazzling cavalcade of Chinese acrobats and Disney film characters.,14949.0,Chinese acrobats and Disney film characters attend the Main Street's Parade in a small group.,Chinese acrobats and Disney film characters attend the Main Street's Parade in a wonderful display.,2.0,3.0,content-words,contradiction,neutral,True,entailment
66,Uncertain-Flip,2961.0,"In doing so, the Congress will still need to hold agencies accountable for the homeland security missions that are not incorporated in the new department.",15352.0,"In doing so, congress will need to hold agencies accountable for missions of homeland security in the new department.","In doing so, congress will need to hold agencies accountable for missions of homeland security.",2.0,3.0,content-words,contradiction,entailment,True,entailment
67,Uncertain-Same,2961.0,"In doing so, the Congress will still need to hold agencies accountable for the homeland security missions that are not incorporated in the new department.",15356.0,"In doing so, congress will need to hold agencies accountable for the lack of homeland security.","In doing so, congress will need to hold agencies accountable for missions of homeland security.",2.0,3.0,content-words,entailment,neutral,True,entailment
69,Uncertain-Same,2961.0,"In doing so, the Congress will still need to hold agencies accountable for the homeland security missions that are not incorporated in the new department.",15365.0,"In doing so, congress will need to hold agencies accountable for missions of.","In doing so, congress will need to hold agencies accountable for missions of homeland security.",2.0,3.0,content-words,entailment,neutral,True,entailment
71,Uncertain-Flip,3045.0,i you know i'm i'm tired of hearing about the polls you know you know this is how he stands such and such a day,8677.0,"The election is next week, so we won't have to hear them much.","The election is next week, so we won't have to hear them much longer.",1.0,3.0,gradient,contradiction,neutral,True,neutral
72,Uncertain-Flip,3045.0,i you know i'm i'm tired of hearing about the polls you know you know this is how he stands such and such a day,8678.0,"The election is next week, so we won't have to hear them.","The election is next week, so we won't have to hear them much longer.",1.0,3.0,gradient,contradiction,neutral,True,neutral
77,Uncertain-Flip,3096.0,"They signed your name, and she fell into the trap like a lamb.""",16084.0,"They confirmed you authorized your signature, and so she felt it was real.","They confirmed you authorized your signature, and so she felt satisfied it was real.",2.0,3.0,content-words,neutral,contradiction,True,contradiction
81,Uncertain-Flip,3249.0,then you got to get him to if he's going to do it you've got to twist his arm to get him to go do it,9175.0,He will end up doing it so you only have to ask him once.,He loves doing it so you only have to ask him once.,2.0,3.0,gradient,neutral,contradiction,True,contradiction
85,Uncertain-Same,3363.0,"Implementation and enforcement usually requires years of litigation, leaving the fate of America's air to the uncertainties of the courtroom.",17494.0,Litigation is costly and results in air quality being determined by the courts.,Litigation is time consuming and results in air quality being determined by the courts.,1.0,3.0,content-words,entailment,neutral,True,entailment
87,Uncertain-Same,3378.0,ah ah my got my mom a teacup poodle not too long ago,17561.0,My mom has a black poodle that has shaggy white fur.,My mom has a teacup poodle that has shaggy white fur.,2.0,3.0,content-words,neutral,contradiction,True,neutral
92,Uncertain-Flip,3413.0,so i don't know i i i have no idea what to do about it,17797.0,I don't know what to do about the problem I've got.,I don't know what to do about the cold I got.,2.0,3.0,content-words,entailment,neutral,True,neutral
93,Certain-Flip,3413.0,so i don't know i i i have no idea what to do about it,17798.0,I don't know what to do about the.,I don't know what to do about the cold I got.,1.0,3.0,content-words,entailment,neutral,True,neutral
95,Uncertain-Flip,3447.0,so i don't know if he's going to be in shape to,9910.0,I know he is going to do his best to get back in shape.,I know he is trying his best to get back in shape.,1.0,3.0,gradient,contradiction,neutral,True,neutral
101,Uncertain-Same,3715.0,'Because I think he's smarter than me.',10578.0,I don't think I will be as smart as him.,I don't think I'm as smart as him.,1.0,3.0,gradient,entailment,neutral,True,entailment
102,Uncertain-Same,4047.0,well that's what you i mean that's what you need in a pet if your going to have small children too,21067.0,You can have a pet but only if you have small children.,You can have a pet if you have small children.,2.0,3.0,content-words,entailment,contradiction,True,entailment
103,Uncertain-Same,4047.0,well that's what you i mean that's what you need in a pet if your going to have small children too,21069.0,You can have a pet if you have.,You can have a pet if you have small children.,2.0,3.0,content-words,entailment,neutral,True,entailment
104,Uncertain-Flip,4047.0,well that's what you i mean that's what you need in a pet if your going to have small children too,21075.0,You can have a pet if you don't have children.,You can have a pet if you have small children.,2.0,3.0,content-words,contradiction,entailment,True,entailment
105,Certain-Same,4047.0,well that's what you i mean that's what you need in a pet if your going to have small children too,21077.0,You can have a pet if you have small.,You can have a pet if you have small children.,2.0,3.0,content-words,entailment,neutral,True,entailment
107,Uncertain-Same,4291.0,"To reach the entrance, go back up David Street and turn left up a small alleyway.",22132.0,The entrance is at the end of David Street and up an.,The entrance is at the end of David Street and up an alleyway.,2.0,3.0,content-words,entailment,contradiction,True,entailment
108,Uncertain-Same,4291.0,"To reach the entrance, go back up David Street and turn left up a small alleyway.",22136.0,The entrance is at the end of David Street and up.,The entrance is at the end of David Street and up an alleyway.,2.0,3.0,content-words,entailment,contradiction,True,entailment
109,Certain-Same,4291.0,"To reach the entrance, go back up David Street and turn left up a small alleyway.",22137.0,The entrance is at the intersection of David Street and up an alleyway.,The entrance is at the end of David Street and up an alleyway.,2.0,3.0,content-words,entailment,neutral,True,entailment
110,Uncertain-Flip,4377.0,Don't be offended because I think you're young.,12368.0,I was not trying to offend you by saying you're old.,I was trying to offend you by saying you're old.,2.0,3.0,gradient,neutral,contradiction,True,contradiction
111,Uncertain-Flip,4377.0,Don't be offended because I think you're young.,12369.0,I don't want to offend you by saying you're old.,I was trying to offend you by saying you're old.,2.0,3.0,gradient,entailment,contradiction,True,contradiction
114,Uncertain-Flip,4895.0,That's enough to put you on the cover of Time magazine as the financial genius of the century.,25210.0,The financial genius of the century should be allowed to feature on the cover of Time.,The financial genius of the century would not be allowed to feature on the cover of Time.,1.0,3.0,content-words,entailment,neutral,True,contradiction
115,Certain-Flip,4895.0,That's enough to put you on the cover of Time magazine as the financial genius of the century.,25218.0,Normally the financial genius of the century would not be allowed to feature on the cover of Time.,The financial genius of the century would not be allowed to feature on the cover of Time.,2.0,3.0,content-words,neutral,contradiction,True,contradiction
116,Uncertain-Same,4895.0,That's enough to put you on the cover of Time magazine as the financial genius of the century.,25220.0,The financial genius of the year would not be allowed to feature on the cover of Time.,The financial genius of the century would not be allowed to feature on the cover of Time.,2.0,3.0,content-words,contradiction,neutral,True,contradiction
117,Uncertain-Flip,4895.0,That's enough to put you on the cover of Time magazine as the financial genius of the century.,25222.0,The financial genius of the 21st century would not be allowed to feature on the cover of Time.,The financial genius of the century would not be allowed to feature on the cover of Time.,2.0,3.0,content-words,neutral,contradiction,True,contradiction
119,Uncertain-Same,5436.0,"Appendix II of this guide describes techniques to use in identifying software development risks of delays and cost overruns, known collectively as management metrics or indicators.",27920.0,This guide teaches you how to find software development.,This guide teaches you how to find software development risks.,1.0,3.0,content-words,entailment,neutral,True,entailment
121,Certain-Same,5436.0,"Appendix II of this guide describes techniques to use in identifying software development risks of delays and cost overruns, known collectively as management metrics or indicators.",27925.0,This guide teaches you how to find.,This guide teaches you how to find software development risks.,1.0,3.0,content-words,entailment,neutral,True,entailment
123,Uncertain-Same,5471.0,Atlanta Legal Aid provides civil services to poor people in five metro Atlanta counties.,28157.0,Poor people in more than half of the counties in Atlanta receive help from the Atlanta Legal Aid.,Poor people in more than a couple counties in Atlanta receive help from the Atlanta Legal Aid.,2.0,3.0,content-words,entailment,neutral,True,entailment
130,Uncertain-Flip,5501.0,Spain's country code is 34; the area code for the Balearics is 971.,15442.0,"is the Spanish countrycode, while 224 is the Balearic.","55 is the Spanish country code, while 224 is the Balearic.",1.0,3.0,gradient,entailment,contradiction,True,contradiction
135,Uncertain-Same,5604.0,The Postal Service's FY 1993 data set contains observations from about 300 routes.,28773.0,The Postal Service's FY 1993 data set contains observations from less than 300 routes.,The Postal Service's FY 1993 data set contains observations from about 300 routes.,2.0,3.0,content-words,entailment,neutral,True,entailment
136,Uncertain-Same,5604.0,The Postal Service's FY 1993 data set contains observations from about 300 routes.,28774.0,The Postal Service's FY 1993 data set contains observations from about.,The Postal Service's FY 1993 data set contains observations from about 300 routes.,2.0,3.0,content-words,entailment,neutral,True,entailment
139,Uncertain-Same,5629.0,The entrance to the mosque is through a door at the east wall above the temple complex.,28930.0,The mosque can only be entered through a door on the east wall.,The mosque can be entered through a door on the east wall.,1.0,3.0,content-words,entailment,neutral,True,entailment
140,Uncertain-Same,5629.0,The entrance to the mosque is through a door at the east wall above the temple complex.,28931.0,The mosque may only be entered through a door on the east wall.,The mosque can be entered through a door on the east wall.,1.0,3.0,content-words,entailment,neutral,True,entailment
142,Certain-Flip,6379.0,uh-huh he's one of the few uh black quarterbacks that there are,32839.0,He is one of the few black quarterbacks playing in the NFL.,He is one of the few white supremacists in the NFL.,2.0,3.0,content-words,neutral,entailment,True,contradiction
146,Uncertain-Flip,6396.0,The forest is thick with sissoo and tall sal trees; their timber is prized for ship-building.,32955.0,The timber from the sissoo and cactus are used in car making.,The timber of oak and cactus are used in car making.,2.0,3.0,content-words,neutral,contradiction,True,contradiction
150,Uncertain-Flip,6504.0,Kos has some well-organised dive operators at its resorts.,33433.0,Kos is not the worst place to go to find well organized dive operators.,Kos is not the place to go to find well organized dive operators.,2.0,3.0,content-words,neutral,entailment,True,contradiction
152,Uncertain-Same,6504.0,Kos has some well-organised dive operators at its resorts.,33437.0,Kos is not the best place to find well organized dive operators.,Kos is not the place to go to find well organized dive operators.,2.0,3.0,content-words,contradiction,neutral,True,contradiction
154,Uncertain-Flip,6513.0,"Pursuant to our court rules, participation in the IOLTA program is mandatory.",18239.0,The IOLTA program isOptional for members of the court.,The IOLTA program is optional for members of the court.,1.0,3.0,gradient,entailment,contradiction,True,contradiction
157,Uncertain-Flip,6771.0,But this was not yet the Las Vegas of folklore.,18888.0,folklore has become what Vegas is known for now.,It hadn't become what Vegas is known for now.,2.0,3.0,gradient,contradiction,neutral,True,entailment
159,Uncertain-Same,6771.0,But this was not yet the Las Vegas of folklore.,18892.0,It hadn't become what folklore expected it to be for now.,It hadn't become what Vegas is known for now.,2.0,3.0,gradient,entailment,neutral,True,entailment
161,Certain-Flip,6842.0,"DU has a law- student body of about 1,000, and CU's population is about half that.",19045.0,DU has around 15000 students total compared to those in the law school.,DU has around 15000 students total in addition to those in the law school.,2.0,3.0,gradient,contradiction,neutral,True,neutral
164,Uncertain-Flip,6842.0,"DU has a law- student body of about 1,000, and CU's population is about half that.",19052.0,"DU has around 15000 students total in the student body, including those in the law school.",DU has around 15000 students total in addition to those in the law school.,2.0,3.0,gradient,contradiction,neutral,True,neutral
167,Uncertain-Same,7407.0,"Buried here are the economist Adam Smith, the poet Robert Ferguson, and Mrs. Agnes McLehose (the Clarinda of Burns's love poems).",37685.0,This is a cemetery where important people are buried.,This is a place where only important people are buried.,1.0,3.0,content-words,neutral,entailment,True,neutral
170,Uncertain-Flip,7586.0,A Drudge Report world  Susan McDougal no longer carries a torch for ex-lover William Jefferson Clinton.,21313.0,"Susan McDougal isn't looking forward to making up with her ex, William Jefferson Clinton.","Susan McDougal isn't interested in making up with her ex, William Jefferson Clinton.",2.0,3.0,gradient,neutral,entailment,True,entailment
175,Uncertain-Same,7630.0,An announcement in the Commerce Business Daily orRequest for other publication requesting industry comment onComment draft specifications for resources.,38782.0,The announcement in the Commerce Business Daily is looking for.,The announcement in the Commerce Business Daily is looking for comments.,2.0,3.0,content-words,entailment,neutral,True,entailment
176,Uncertain-Flip,7741.0,yeah well i guess there's a certain amount of luck in any hole in one,21765.0,I guess we've never had enough luck to make a hole in one.,I have never had enough luck to make a hole in one.,1.0,3.0,gradient,contradiction,neutral,True,neutral
180,Uncertain-Flip,7800.0,I'd say some News Quiz participants owe some quasi-autonomous but government-regulated agency a letter of apology.,39648.0,There is no doubt that any News Quiz participants should apologise.,There is no reason that any News Quiz participants should apologise.,1.0,3.0,content-words,entailment,neutral,True,contradiction
182,Uncertain-Same,7800.0,I'd say some News Quiz participants owe some quasi-autonomous but government-regulated agency a letter of apology.,39653.0,There is no question that any News Quiz participants should apologise.,There is no reason that any News Quiz participants should apologise.,2.0,3.0,content-words,contradiction,neutral,True,contradiction
183,Uncertain-Flip,7800.0,I'd say some News Quiz participants owe some quasi-autonomous but government-regulated agency a letter of apology.,39654.0,There is no doubt that News Quiz participants should apologise.,There is no reason that any News Quiz participants should apologise.,1.0,3.0,content-words,entailment,neutral,True,contradiction
184,Uncertain-Same,8020.0,The Vice President has also expressed concern regarding certain requests for his personal schedule.,40687.0,The VP is worried that people are going to get his personal schedule wrong.,The VP is worried that people are going to get his personal schedule.,2.0,3.0,content-words,entailment,neutral,True,entailment
186,Uncertain-Same,8020.0,The Vice President has also expressed concern regarding certain requests for his personal schedule.,40692.0,The VP is worried that he is not going to get his personal schedule.,The VP is worried that people are going to get his personal schedule.,2.0,3.0,content-words,entailment,neutral,True,entailment
189,Uncertain-Flip,8030.0,Officials from one organization were also concerned that they might be held responsible if their advice adversely affected a vendor.,40777.0,Officials from two organizations were also concerned that they may be getting underpaid,Officials from one organization were also concerned that they may be getting underpaid,2.0,3.0,content-words,contradiction,neutral,True,neutral
192,Uncertain-Same,8124.0,We have observed that many more clients receive some assistance when technologically sophisticated intake systems are installed.,41264.0,The intake systems are perfectly viable and don't need replacing.,The intake systems of the past are perfectly viable and don't need replacing.,1.0,3.0,content-words,contradiction,neutral,True,contradiction
193,Certain-Flip,8124.0,We have observed that many more clients receive some assistance when technologically sophisticated intake systems are installed.,41266.0,The intake systems of the past are outdated and don't need replacing.,The intake systems of the past are perfectly viable and don't need replacing.,2.0,3.0,content-words,neutral,contradiction,True,contradiction
196,Uncertain-Flip,8203.0,"The New Disclosure Option final rule permits a mutual fund to offer investors a new disclosure document called a Aprofile, which summarizes key information",41558.0,The New Disclosure Option final rule gives mutual fund customers.,The New Disclosure Option final rule gives mutual fund customers little information.,1.0,3.0,content-words,entailment,contradiction,True,contradiction
197,Uncertain-Same,8203.0,"The New Disclosure Option final rule permits a mutual fund to offer investors a new disclosure document called a Aprofile, which summarizes key information",41567.0,The New Disclosure Option final rule gives mutual fund investors too little information.,The New Disclosure Option final rule gives mutual fund customers little information.,2.0,3.0,content-words,contradiction,neutral,True,contradiction
198,Certain-Same,8203.0,"The New Disclosure Option final rule permits a mutual fund to offer investors a new disclosure document called a Aprofile, which summarizes key information",41572.0,The New Disclosure Option's final rule gives mutual fund customers little information.,The New Disclosure Option final rule gives mutual fund customers little information.,2.0,3.0,content-words,contradiction,neutral,True,contradiction
199,Uncertain-Flip,8203.0,"The New Disclosure Option final rule permits a mutual fund to offer investors a new disclosure document called a Aprofile, which summarizes key information",41573.0,The New Disclosure Option final rule gives mutual fund.,The New Disclosure Option final rule gives mutual fund customers little information.,1.0,3.0,content-words,entailment,contradiction,True,contradiction
200,Uncertain-Same,8284.0,"He told me, 'You don't have to tell me who you are.",23373.0,He knows who I am and wants to know.,He has no idea who I am and wants to know.,2.0,3.0,gradient,contradiction,neutral,True,contradiction
205,Uncertain-Flip,8472.0,This may have been to stop soldiers on horseback storming into the church.,42986.0,The soldiers were not cruel and had no trouble invading churches.,The soldiers were cruel and had no trouble invading churches.,1.0,3.0,content-words,contradiction,neutral,True,neutral
208,Uncertain-Flip,8646.0,"Finally, a question to which I know the  Murderers yell at each other.",24358.0,I didn't know what the answer was that the Murderers had yelled at each other.,I knew the answer was that the Murderers had yelled at each other.,2.0,3.0,gradient,neutral,contradiction,True,entailment
210,Uncertain-Same,8646.0,"Finally, a question to which I know the  Murderers yell at each other.",24360.0,I knew the answer was that the Murderers had yelled at each other before.,I knew the answer was that the Murderers had yelled at each other.,1.0,3.0,gradient,entailment,neutral,True,entailment
211,Uncertain-Same,8646.0,"Finally, a question to which I know the  Murderers yell at each other.",24364.0,I knew the answer was that the Murderers had yelled at.,I knew the answer was that the Murderers had yelled at each other.,1.0,3.0,gradient,entailment,neutral,True,entailment
212,Uncertain-Flip,8781.0,Rennie's foster son was now riding inspection between one water-hole fortification and another.,24892.0,Rennie has a foster son and they entailment.,Rennie has a foster son and they are very close.,2.0,3.0,gradient,entailment,neutral,True,neutral
215,Uncertain-Flip,8781.0,Rennie's foster son was now riding inspection between one water-hole fortification and another.,24900.0,Rennie has a foster son and they are not together.,Rennie has a foster son and they are very close.,2.0,3.0,gradient,entailment,neutral,True,neutral
216,Uncertain-Same,9527.0,"He stayed so for a minute or two, then drew a deep breath, and pressed it ever so slightly inward.",48606.0,"After staying for a minute, he took a deep breath and exhaled.","After staying for a minute, he took a deep breath.",1.0,3.0,content-words,entailment,neutral,True,entailment
217,Uncertain-Same,9527.0,"He stayed so for a minute or two, then drew a deep breath, and pressed it ever so slightly inward.",48610.0,"After staying for a few seconds, he took a deep breath.","After staying for a minute, he took a deep breath.",1.0,3.0,content-words,entailment,contradiction,True,entailment
218,Certain-Same,9527.0,"He stayed so for a minute or two, then drew a deep breath, and pressed it ever so slightly inward.",48613.0,"After staying for a minute, he took a deep.","After staying for a minute, he took a deep breath.",2.0,3.0,content-words,entailment,neutral,True,entailment
219,Uncertain-Flip,9527.0,"He stayed so for a minute or two, then drew a deep breath, and pressed it ever so slightly inward.",48614.0,"After staying for a minute, he took a.label: contradiction.","After staying for a minute, he took a deep breath.",2.0,3.0,content-words,neutral,contradiction,True,entailment
222,Uncertain-Flip,9610.0,"A separate module for each subscribing agency is developed with a unique URL, allowing each agency control of agency data and access authority.",49098.0,Separating the modules for each agency is a terrible idea.,Separating the modules for each agency is a great idea.,1.0,3.0,content-words,contradiction,neutral,True,neutral
232,Uncertain-Flip,9992.0,Basic mail also includes some parcels under 11 ounces and some non-standard pieces.,28469.0,Parcels under 10 ounces are considered to be basic mail.,Parcels under 11 ounces are considered to be basic mail.,2.0,3.0,gradient,contradiction,neutral,True,entailment
235,Uncertain-Same,9992.0,Basic mail also includes some parcels under 11 ounces and some non-standard pieces.,28474.0,Parcels under 12 ounces are considered to be basic mail.,Parcels under 11 ounces are considered to be basic mail.,2.0,3.0,gradient,entailment,contradiction,True,entailment
237,Certain-Flip,10282.0,"It includes a much larger sample size and longer exposure interval, and covers more locations.",52590.0,"The coverage of location, exposure, sample size.","The coverage of location, exposure, sample size, is miniscule.",1.0,3.0,content-words,entailment,neutral,True,contradiction
238,Uncertain-Flip,10282.0,"It includes a much larger sample size and longer exposure interval, and covers more locations.",52600.0,"The coverage of location, exposure, sample size, and interval is extensive.","The coverage of location, exposure, sample size, is miniscule.",2.0,3.0,content-words,entailment,neutral,True,contradiction
239,Uncertain-Flip,10282.0,"It includes a much larger sample size and longer exposure interval, and covers more locations.",52602.0,"The difference in terms of location, exposure, sample size, is miniscule.","The coverage of location, exposure, sample size, is miniscule.",2.0,3.0,content-words,neutral,contradiction,True,contradiction
240,Uncertain-Flip,10598.0,"Vishnu, for example, can be Narayan, floating on the primeval ocean or lying on a bed of snakes.",54487.0,"Vishnu can be many things, but can never be.","Vishnu can be many things, but can never be human.",2.0,3.0,content-words,contradiction,neutral,True,neutral
242,Uncertain-Flip,10598.0,"Vishnu, for example, can be Narayan, floating on the primeval ocean or lying on a bed of snakes.",54493.0,"Vishnu can be many things, but can never.","Vishnu can be many things, but can never be human.",2.0,3.0,content-words,contradiction,neutral,True,neutral
245,Uncertain-Same,10647.0,"Kristine, this is like a parent being asked to name a favorite child.",54807.0,This is like a child being asked a very funny question,This is like a parent being asked a very funny question,2.0,3.0,content-words,neutral,contradiction,True,neutral
248,Uncertain-Same,10685.0,but uh i don't i assume you have seen on television recently as probably the whole country has the beating of the man in Los Angeles,30613.0,"you have seen on television recently, we watched the television together this morning.","you have definitely watched television recently, we watched the television together this morning.",1.0,3.0,gradient,contradiction,neutral,True,contradiction
250,Uncertain-Flip,10692.0,"And when he did five to seven copypastes, which resulted in two smaller contracts, he felt even more than secure.",5708.0,When he did five to seven copy pastes he felt even more secure than he did the.,When he did five to seven copy pastes he felt even more secure than he did the night before.,1.0,2.0,data-slices,entailment,neutral,True,neutral
255,Uncertain-Flip,10692.0,"And when he did five to seven copypastes, which resulted in two smaller contracts, he felt even more than secure.",30638.0,When he did five to seven copy pastes he felt even more secure than he did the.,When he did five to seven copy pastes he felt even more secure than he did the night before.,1.0,3.0,gradient,entailment,neutral,True,neutral
265,Uncertain-Flip,10709.0,"They would publish it broadcast throughout England, and declare for the revolution 63 without a moment's hesitation.",55131.0,They would declare for the revolution after a short wait of deliberation.,They would declare for the revolution after a long wait of deliberation.,2.0,3.0,content-words,entailment,contradiction,True,contradiction
268,Uncertain-Same,10973.0,right right it it can be annoying and my other concern concern is is the American government going to force us to go,56472.0,My biggest concern is that American government forcing us to go.,My concern it that American government forcing us to go.,1.0,3.0,content-words,entailment,neutral,True,entailment
269,Uncertain-Same,10973.0,right right it it can be annoying and my other concern concern is is the American government going to force us to go,56473.0,My biggest concern is the American government forcing us to go.,My concern it that American government forcing us to go.,1.0,3.0,content-words,entailment,neutral,True,entailment
271,Uncertain-Same,11045.0,"Several other attractions are nearby, all in Griffith Park, including train, pony, and stagecoach rides, a carousel, and the Griffith Observatory.",31662.0,There is some fun to be had elsewhere in Griffith Park.,There is some fun to be had in Griffith Park.,2.0,3.0,gradient,entailment,neutral,True,entailment
272,Uncertain-Same,11045.0,"Several other attractions are nearby, all in Griffith Park, including train, pony, and stagecoach rides, a carousel, and the Griffith Observatory.",31663.0,There is a lot of fun to be had in Griffith Park.,There is some fun to be had in Griffith Park.,2.0,3.0,gradient,entailment,neutral,True,entailment
273,Uncertain-Flip,11045.0,"Several other attractions are nearby, all in Griffith Park, including train, pony, and stagecoach rides, a carousel, and the Griffith Observatory.",31664.0,There is some fun not to be had in Griffith Park.,There is some fun to be had in Griffith Park.,2.0,3.0,gradient,contradiction,neutral,True,entailment
276,Uncertain-Same,11101.0,In the winter the falls form a spectacular cascade of icicles.,57296.0,The temperatures in the fall are not enough to create ice.,The temperatures in winter time are not enough to create ice.,2.0,3.0,content-words,contradiction,neutral,True,contradiction
277,Uncertain-Same,11101.0,In the winter the falls form a spectacular cascade of icicles.,57300.0,The temperatures in winter time are not enough to.,The temperatures in winter time are not enough to create ice.,2.0,3.0,content-words,contradiction,neutral,True,contradiction
279,Certain-Same,11294.0,The Six Major Puzzles in International  Is There a Common Cause?,58199.0,Is there a single common cause with the major international puzzles?,Is there a common cause with the major international puzzles?,2.0,3.0,content-words,entailment,neutral,True,entailment
280,Uncertain-Flip,11294.0,The Six Major Puzzles in International  Is There a Common Cause?,58201.0,Is there no common cause with the major international puzzles?,Is there a common cause with the major international puzzles?,2.0,3.0,content-words,contradiction,neutral,True,entailment
281,Uncertain-Same,11294.0,The Six Major Puzzles in International  Is There a Common Cause?,58207.0,Is there a common problem with the major international puzzles?,Is there a common cause with the major international puzzles?,2.0,3.0,content-words,entailment,neutral,True,entailment
287,Uncertain-Same,11741.0,"Two famous luxury grocery shops, Fauchon and Hediard, compete on place de la Madeleine.",60807.0,Fauchon and Hediard are very good and are in competition.,Fauchon and Hediard sell luxury good and are in competition.,1.0,3.0,content-words,entailment,neutral,True,entailment
291,Uncertain-Flip,12000.0," You may want to visit some of the other inland hamlets Santa In??s, Sant Joan, and Sant Carles, to name just three.",62076.0,Sant Joan is the name of a large town on the island.,Sant Joan is the name of a large city on the island.,2.0,3.0,content-words,neutral,contradiction,True,contradiction
294,Uncertain-Flip,12134.0,Both ESPN and CNBC offer an infinite supply of statistics that give the viewer the illusion of deeper understanding.,34956.0,Seeing lots of numbers without understanding their significance can make people understand things.,Seeing lots of numbers without understanding their significance can really make people understand things.,2.0,3.0,gradient,neutral,contradiction,True,contradiction
297,Uncertain-Same,12134.0,Both ESPN and CNBC offer an infinite supply of statistics that give the viewer the illusion of deeper understanding.,34962.0,Seeing lots of numbers without understanding their significance does not help people understand things.,Seeing lots of numbers without understanding their significance can really make people understand things.,2.0,3.0,gradient,contradiction,entailment,True,contradiction
298,Uncertain-Flip,12204.0,Muslims revere the sites on the Temple  the Dome of the Rock and El-Aksa Mosque.,6533.0,Muslims know the whereabouts of the Temple the Dome of the Rock.,Muslims do not know the whereabouts of the Temple the Dome of the Rock.,2.0,3.0,data-slices,entailment,neutral,True,contradiction
299,Certain-Flip,12204.0,Muslims revere the sites on the Temple  the Dome of the Rock and El-Aksa Mosque.,6534.0,Muslims do care about the whereabouts of the Temple the Dome of the Rock.,Muslims do not know the whereabouts of the Temple the Dome of the Rock.,2.0,3.0,data-slices,entailment,contradiction,True,contradiction
300,Uncertain-Same,12204.0,Muslims revere the sites on the Temple  the Dome of the Rock and El-Aksa Mosque.,6535.0,Muslims want to know the whereabouts of the Temple the Dome of the Rock.,Muslims do not know the whereabouts of the Temple the Dome of the Rock.,2.0,3.0,data-slices,contradiction,entailment,True,contradiction
307,Uncertain-Flip,12404.0,do you know who the guy was that was playing the uh the the wagon driver,64009.0,Do you know who played the driver of the red?,Do you know who played the driver of the red wagon?,2.0,3.0,content-words,entailment,contradiction,True,neutral
308,Uncertain-Flip,12404.0,do you know who the guy was that was playing the uh the the wagon driver,64012.0,Do you know who played the driver of the                ?,Do you know who played the driver of the red wagon?,1.0,3.0,content-words,entailment,neutral,True,neutral
315,Uncertain-Same,12507.0,"Then I told him that it was worth just about fifty thousand dollars to me if he'd get out.""",64540.0,"To get me out, he had to give me fifty thousand dollars.","To get me out, it was worth fifty thousand dollars. ",2.0,3.0,content-words,entailment,neutral,True,entailment
316,Certain-Same,12507.0,"Then I told him that it was worth just about fifty thousand dollars to me if he'd get out.""",64541.0,"To get me out, it was worth fifty.","To get me out, it was worth fifty thousand dollars. ",2.0,3.0,content-words,entailment,contradiction,True,entailment
317,Uncertain-Flip,12943.0,"Reliefs depict Ptolemaic Pharaohs worshipping Horus, and the interior carvings of their food offerings are especially impressive.",66866.0,"The reliefs depict Ptolemaic Pharaohs, pastoral scenes from Egypt's farming industry.","The reliefs show idyllic, pastoral scenes from Egypt's farming industry.",2.0,3.0,content-words,neutral,contradiction,True,contradiction
318,Uncertain-Flip,12943.0,"Reliefs depict Ptolemaic Pharaohs worshipping Horus, and the interior carvings of their food offerings are especially impressive.",66873.0,"The reliefs show Ptolemaic Pharaohs, pastoral scenes from Egypt's farming industry.","The reliefs show idyllic, pastoral scenes from Egypt's farming industry.",2.0,3.0,content-words,neutral,contradiction,True,contradiction
322,Certain-Flip,13178.0,"It began as a Roman redoubt, but its present style was devised in the 16th century.",7117.0,"The redoubt stands to this day, it's style was developed in the 16th century.","The redoubt stands to this day, it's style never changing. ",2.0,3.0,data-slices,entailment,contradiction,True,contradiction
325,Uncertain-Same,13311.0,"I could not move on to the second sentence until the first sentence sounded true, she writes somewhat diffidently.",38521.0,"I could not progress to the second statement due to the first being true, she wrote.","I could not progress to the second statement without the first being true, she wrote.",1.0,3.0,gradient,entailment,contradiction,True,entailment
330,Uncertain-Flip,13466.0,"The parish church, the Eglise Sainte-Croix, is worth a visit for the splendid 16th-century altarpiece by Jean Bongartz of Colmar.",38947.0,"The Eglise Sainte-Croix, is worth a visit because it has beautiful stained glass windows.",The Eglise Sainte-Croix has beautiful stained glass windows.,1.0,3.0,gradient,contradiction,neutral,True,neutral
331,Uncertain-Flip,13466.0,"The parish church, the Eglise Sainte-Croix, is worth a visit for the splendid 16th-century altarpiece by Jean Bongartz of Colmar.",38948.0,The Eglise Sainte-Croix is worth a visit for the beautiful stained glass windows.,The Eglise Sainte-Croix has beautiful stained glass windows.,1.0,3.0,gradient,contradiction,neutral,True,neutral
332,Uncertain-Same,13514.0,"Did Simova never mention that the family was Jewish, when living with the Korbels or during subsequent sporadic communications?",7254.0,Did Simova tell the Korbels anything about the family being Jewish?,Did Simova not say anything about the family being Jewish?,2.0,3.0,data-slices,entailment,neutral,True,entailment
333,Uncertain-Same,13514.0,"Did Simova never mention that the family was Jewish, when living with the Korbels or during subsequent sporadic communications?",7255.0,Did Simova say anything about the family being Jewish?,Did Simova not say anything about the family being Jewish?,2.0,3.0,data-slices,entailment,neutral,True,entailment
334,Uncertain-Flip,13514.0,"Did Simova never mention that the family was Jewish, when living with the Korbels or during subsequent sporadic communications?",7257.0,Did Simova really say anything about the family being Jewish?,Did Simova not say anything about the family being Jewish?,2.0,3.0,data-slices,contradiction,neutral,True,entailment
335,Uncertain-Flip,13953.0,but then i have to wait for my tomatoes have to go in here in the next couple of weeks,40372.0,I have to get my tomatoes in here as soon as possible.,I can put my tomatoes in here as soon as possible.,2.0,3.0,gradient,neutral,contradiction,True,contradiction
338,Certain-Flip,13953.0,but then i have to wait for my tomatoes have to go in here in the next couple of weeks,40381.0,I can put my tomatoes in here as.,I can put my tomatoes in here as soon as possible.,2.0,3.0,gradient,entailment,neutral,True,contradiction
339,Uncertain-Same,14106.0,But each tradition is a component of Jerusalem's greatness.,40855.0,Each tradition is important to and is part of Jerusalem's greatness.,Each tradition contributes to and is part of Jerusalem's greatness.,2.0,3.0,gradient,entailment,neutral,True,entailment
340,Certain-Flip,14106.0,But each tradition is a component of Jerusalem's greatness.,40858.0,Each tradition contributes to and detracts from Jerusalem's greatness.,Each tradition contributes to and is part of Jerusalem's greatness.,2.0,3.0,gradient,neutral,contradiction,True,entailment
342,Uncertain-Same,14106.0,But each tradition is a component of Jerusalem's greatness.,40861.0,Each tradition is important and is part of Jerusalem's greatness.,Each tradition contributes to and is part of Jerusalem's greatness.,2.0,3.0,gradient,entailment,neutral,True,entailment
344,Uncertain-Flip,14562.0,The tide has turned so much that one might wonder whether Wilson needs to make such a fuss about the unity of knowledge.,7907.0,It will not be necessary for Wilson to make a fuss about the unity of knowledge.,It might not be necessary for Wilson to make a fuss about the unity of knowledge.,2.0,3.0,data-slices,contradiction,neutral,True,entailment
346,Certain-Flip,14562.0,The tide has turned so much that one might wonder whether Wilson needs to make such a fuss about the unity of knowledge.,7910.0,It might be a good idea for Wilson to make a fuss about the unity of knowledge.,It might not be necessary for Wilson to make a fuss about the unity of knowledge.,2.0,3.0,data-slices,contradiction,entailment,True,entailment
348,Uncertain-Flip,14942.0,it's so it almost needs to be something that has more impact for the individual on going,8166.0,it has to be something that affects society as much as the individual,it has to be something that affects society more than the individual,1.0,3.0,data-slices,neutral,contradiction,True,contradiction
351,Uncertain-Flip,15366.0,"Fifth, there might be changes in the role the Postal Service plays in policing the fraudulent use of the mails.",44781.0,The Postal Service is good enough with policing mail fraud.,The Postal Service isn't strict enough with policing mail fraud.,1.0,3.0,gradient,contradiction,neutral,True,neutral
353,Uncertain-Same,15519.0,"Small Byzantine churches sit on street corners, side by side with family homes.",45143.0,There is a good mix of Byzantine churches and family homes there.,There is a mix of Byzantine churches and family homes there.,2.0,3.0,gradient,entailment,neutral,True,entailment
359,Uncertain-Same,15578.0,"Edinburgh's population grew fast between 1500 and 1650, and a maze of tall, unsanitary tenements sprouted along the spine of the High Street.",45296.0,"Between 1500 and 1650, Edinburgh's High Street became overcrowded as plague plagues devastated the population.","Between 1500 and 1650, Edinburgh's High Street became desolate as plagues devastated the population.",2.0,3.0,gradient,contradiction,neutral,True,contradiction
364,Uncertain-Same,15810.0,"He was good, better than Jon let on, said the Kal.",46109.0,"Jon was not good, and the Kal knew it.","He was not good, and the Kal knew it. ",2.0,3.0,gradient,contradiction,neutral,True,contradiction
367,Uncertain-Same,16003.0,"Currently, despite being in production, it is unclear whether the supplier of the seeker can produce it within cost, schedule, and quality targets.",8867.0,"The supplier will be able to produce it on time, at the right price and quality.","The supplier will certainly not be able to produce it on time, at the right price and quality.",1.0,3.0,data-slices,contradiction,neutral,True,contradiction
369,Uncertain-Flip,16286.0,i wish that when they sentence someone if they're going to sentence him to five years then make him serve five years,47577.0,I think that all prisoners should be held to complete their original prison sentences.,I think that people should be held to complete their original prison sentences.,2.0,3.0,gradient,neutral,entailment,True,entailment
371,Uncertain-Same,16286.0,i wish that when they sentence someone if they're going to sentence him to five years then make him serve five years,47581.0,I think that people should be able to complete their original prison sentences.,I think that people should be held to complete their original prison sentences.,1.0,3.0,gradient,entailment,neutral,True,entailment
374,Uncertain-Flip,16317.0,He can indulge in the self-serving grandstanding and self-effacing silliness that only William Weld could possibly pull off.,9090.0,"He is the picture of self-deprecation and self-serving, just like William Weld.",He is the picture of self-deprecation and nothing like William Weld.,2.0,3.0,data-slices,entailment,contradiction,True,contradiction
377,Certain-Same,16320.0,"And in between, you'll come upon the historic towns of Toulouse, Albi, and Montpellier.",47664.0,"The route to our destination is surrounded by mountains, cliffs, and farmland.","The route to our destination is lined by mountains, cliffs, and farmland.",1.0,3.0,gradient,contradiction,neutral,True,contradiction
380,Uncertain-Same,16320.0,"And in between, you'll come upon the historic towns of Toulouse, Albi, and Montpellier.",47669.0,"The route to our town is surrounded by mountains, cliffs, and farmland.","The route to our destination is lined by mountains, cliffs, and farmland.",1.0,3.0,gradient,contradiction,neutral,True,contradiction
381,Uncertain-Same,16648.0,"Surrealism, a style he borrowed from Max Ernst and Yves Tanguy, gave him a way to express the rancid contents of his own psyche.",48708.0,"His psyche had many negative things inside, some of it.","His psyche had many negative things inside, some of it rancid.",1.0,3.0,gradient,entailment,neutral,True,entailment
383,Uncertain-Same,16648.0,"Surrealism, a style he borrowed from Max Ernst and Yves Tanguy, gave him a way to express the rancid contents of his own psyche.",48711.0,"His psyche had many negative things inside, it was rancid.","His psyche had many negative things inside, some of it rancid.",2.0,3.0,gradient,entailment,neutral,True,entailment
386,Uncertain-Same,17436.0,A rural route is defined in terms of the roads it traverses.,50912.0,A lot of roads make up what's known as a rural route.,A series of roads make up what's known as a rural route.,2.0,3.0,gradient,entailment,neutral,True,entailment
388,Certain-Flip,17436.0,A rural route is defined in terms of the roads it traverses.,50918.0,A series of highways make up what's known as a rural route.,A series of roads make up what's known as a rural route.,2.0,3.0,gradient,neutral,contradiction,True,entailment
390,Uncertain-Same,17454.0,because it's more comfortable for me but you know it's like when you're in school you either wear sweatpants or jeans,9635.0,"For me it's. Usually when you're in school, you'll wear sweatpants.","For me it's more comfortable. Usually when you're in school, you'll wear sweatpants.",2.0,3.0,data-slices,entailment,neutral,True,entailment
391,Uncertain-Same,17454.0,because it's more comfortable for me but you know it's like when you're in school you either wear sweatpants or jeans,9636.0,"For me it. Usually when you're in school, you'll wear sweatpants.","For me it's more comfortable. Usually when you're in school, you'll wear sweatpants.",2.0,3.0,data-slices,entailment,neutral,True,entailment
392,Certain-Same,17454.0,because it's more comfortable for me but you know it's like when you're in school you either wear sweatpants or jeans,9638.0,"For me it's much more comfortable. Usually when you're in school, you'll wear sweatpants.","For me it's more comfortable. Usually when you're in school, you'll wear sweatpants.",2.0,3.0,data-slices,entailment,neutral,True,entailment
393,Uncertain-Flip,17454.0,because it's more comfortable for me but you know it's like when you're in school you either wear sweatpants or jeans,9640.0,"For me jeans are more comfortable. Usually when you're in school, you'll wear sweatpants.","For me it's more comfortable. Usually when you're in school, you'll wear sweatpants.",2.0,3.0,data-slices,contradiction,neutral,True,entailment
394,Uncertain-Flip,17720.0,"Though harrowing, the second half of Boys Don't Cry isn't as great as the first.",51803.0,The first half of Boys Don't Cry was as great as the second.,The first half of Boys Don't Cry was better than the second.,2.0,3.0,gradient,contradiction,neutral,True,entailment
397,Uncertain-Same,17720.0,"Though harrowing, the second half of Boys Don't Cry isn't as great as the first.",51809.0,The first half of Boys Don't Cry was better than the first second.,The first half of Boys Don't Cry was better than the second.,2.0,3.0,gradient,entailment,neutral,True,entailment
399,Uncertain-Same,18033.0,hum-um no i used to i really did uh years ago and uh i was thinking about that not too long ago that,52914.0,"I started to do that, just like I did years ago.","I started to do it again, just like I did years ago.",2.0,3.0,gradient,neutral,contradiction,True,neutral
400,Uncertain-Flip,18033.0,hum-um no i used to i really did uh years ago and uh i was thinking about that not too long ago that,52917.0,"I started to think about doing it again, just like I did years ago.","I started to do it again, just like I did years ago.",2.0,3.0,gradient,entailment,neutral,True,neutral
401,Uncertain-Flip,18033.0,hum-um no i used to i really did uh years ago and uh i was thinking about that not too long ago that,52918.0,"I started thinking about doing it again, just like I did years ago.","I started to do it again, just like I did years ago.",2.0,3.0,gradient,entailment,neutral,True,neutral
402,Uncertain-Same,18549.0,The port is virtually round the corner from the passeig.,54498.0,You can easily get from the port to the passeig.,You can easily walk from the port to the passeig.,1.0,3.0,gradient,neutral,entailment,True,neutral
403,Uncertain-Same,18549.0,The port is virtually round the corner from the passeig.,54499.0,You can easily go from the port to the passeig.,You can easily walk from the port to the passeig.,1.0,3.0,gradient,neutral,entailment,True,neutral
407,Uncertain-Flip,19613.0,Spitting tobacco juice into the Styrofoam cup is a nice detail.,57543.0,I love the spiting of tobacco juice into the cup.,People will love the spiting of tobacco juice into the cup.,1.0,3.0,gradient,entailment,neutral,True,neutral
411,Uncertain-Flip,19722.0,Louis XIV died here in 1715 of gangrene of the leg.,57865.0,King Louis XIV chose to refuse medical treatment and preferred the advice of religious fanatics.,King Louis XIV was known to refuse medical treatment and preferred the advice of religious fanatics.,1.0,3.0,gradient,contradiction,neutral,True,neutral
415,Uncertain-Same,20008.0,"To ensure that the cap is met and to provide credibility, sources also are required to install systems that continuously monitor and report emissions.",11013.0,There is only one way to monitor and report emissions.,There is no good way to monitor and report emissions.,1.0,3.0,data-slices,contradiction,neutral,True,contradiction
421,Uncertain-Same,20008.0,"To ensure that the cap is met and to provide credibility, sources also are required to install systems that continuously monitor and report emissions.",58760.0,There is only one way to monitor and report emissions.,There is no good way to monitor and report emissions.,1.0,2.0,gradient,contradiction,neutral,True,contradiction
423,Uncertain-Flip,20012.0,"You will find that testing with computer programs often takes less than a day, depending on the complexity of the file.",11028.0,They did not have to run anything more than a day at a time.,They did not want to run anything more than a day at a time.,2.0,3.0,data-slices,contradiction,neutral,True,neutral
424,Uncertain-Flip,20012.0,"You will find that testing with computer programs often takes less than a day, depending on the complexity of the file.",11029.0,They did not want to run anything for a day at a time.,They did not want to run anything more than a day at a time.,2.0,3.0,data-slices,contradiction,neutral,True,neutral
430,Uncertain-Same,20546.0,Can't you make them a little more real?',60375.0,It would be much better if they were a bit more realistic.,It would be better if they were a bit more realistic.,2.0,3.0,gradient,entailment,neutral,True,entailment
432,Uncertain-Flip,20546.0,Can't you make them a little more real?',60381.0,It wouldn't be better if they were a bit more realistic.,It would be better if they were a bit more realistic.,2.0,3.0,gradient,neutral,contradiction,True,entailment
433,Uncertain-Same,20546.0,Can't you make them a little more real?',60382.0,They would be better if they were a bit more realistic.,It would be better if they were a bit more realistic.,2.0,3.0,gradient,entailment,neutral,True,entailment
435,Uncertain-Flip,21616.0,They can supply equipment and extra insurance if you need it.,63545.0,"They can supply equipment and insurance, but you'll have to get your equipment down the road.","They can sell you insurance, but you'll have to get your equipment down the road.",2.0,3.0,gradient,neutral,contradiction,True,contradiction
439,Uncertain-Flip,22397.0,And no sooner had I begun to enjoy my Slateness than glorious erotic opportunity went a-glimmering.,12213.0,They were not enjoying themselves due to the erotic opportunities emerging.,They were not enjoying themselves due to no erotic opportunities emerging.,1.0,3.0,data-slices,neutral,contradiction,True,contradiction
440,Uncertain-Flip,22397.0,And no sooner had I begun to enjoy my Slateness than glorious erotic opportunity went a-glimmering.,12216.0,They were not enjoying themselves due to the erotic opportunity emerging.,They were not enjoying themselves due to no erotic opportunities emerging.,1.0,3.0,data-slices,neutral,contradiction,True,contradiction
445,Uncertain-Flip,24717.0,because the economy is down people you know the the the low man on the pole is getting more of the i guess the bulk of it,13438.0,The high man on the pole also is getting more of it.,The high man on the pole also gets some of it.,2.0,3.0,data-slices,contradiction,neutral,True,neutral
446,Certain-Same,24933.0,"To get a clear sense of the original, start with the villa's excellent scale model.",13574.0,There are no scale models of the.,There are no scale models of the villa at all.,2.0,3.0,data-slices,contradiction,neutral,True,contradiction
448,Uncertain-Same,24933.0,"To get a clear sense of the original, start with the villa's excellent scale model.",13579.0,There are no other models of the villa at all.,There are no scale models of the villa at all.,2.0,3.0,data-slices,contradiction,neutral,True,contradiction
449,Uncertain-Same,24933.0,"To get a clear sense of the original, start with the villa's excellent scale model.",13581.0,There are no small scale models of the villa at all.,There are no scale models of the villa at all.,2.0,3.0,data-slices,contradiction,neutral,True,contradiction
450,Uncertain-Same,28909.0,Poblete claims that the reports will be posted as soon as Congress resolves technical hurdles.,15667.0,Poblete claims that the reports were lost due to technical difficulties and will.,Poblete claims that the reports were lost due to technical difficulties and will not be released.,2.0,3.0,data-slices,contradiction,neutral,True,contradiction
456,Uncertain-Same,29849.0,because uh there's no way they can even i think mathematically they're out of the play-off scene now,16104.0,"There is a chance they can, mathematically they are no longer in the play off race.","There is not a chance they can, mathematically they are no longer in the play off race.",2.0,3.0,data-slices,entailment,contradiction,True,entailment
458,Uncertain-Flip,30305.0,i've got a big Oldsmobile that i pull it with when i,16397.0,I pull my Jeep with it when I'm in my Oldsmobile.,"I pull my Jeep with it, not my Oldsmobile.",2.0,3.0,data-slices,neutral,contradiction,True,contradiction
463,Uncertain-Same,32065.0,On Monday Mrs. Inglethorp will take the last dose of her medicine.,17437.0,Mrs. Inglethorp will not take any more of her medication on Monday.,Mrs. Inglethorp will not take any more of her medicine after Monday.,1.0,3.0,data-slices,entailment,contradiction,True,entailment
465,Certain-Flip,32065.0,On Monday Mrs. Inglethorp will take the last dose of her medicine.,17446.0,Mrs. Inglethorp will not take her last dose of her medicine after Monday.,Mrs. Inglethorp will not take any more of her medicine after Monday.,1.0,3.0,data-slices,contradiction,entailment,True,entailment
471,Uncertain-Flip,34035.0,We agree that climate change is a serious issue we need to address.,18609.0,Climate change has been previously recognized as a serious issue.,Climate change has not been previously recognized as a serious issue.,2.0,3.0,data-slices,entailment,neutral,True,neutral
475,Certain-Flip,34167.0,"The influence is clear even in the most spectacular of the Brenta villas, at Stra, the opulent Villa Pisani, or Villa Nazionale.",18702.0,The influence is less clear at the Villa Nazionale than at Stra.,The influence is more clearly felt at the Villa Nazionale than at Stra.,1.0,3.0,data-slices,contradiction,neutral,True,neutral
476,Uncertain-Flip,34167.0,"The influence is clear even in the most spectacular of the Brenta villas, at Stra, the opulent Villa Pisani, or Villa Nazionale.",18704.0,The influence is less clearly felt at the Villa Nazionale than at Stra.,The influence is more clearly felt at the Villa Nazionale than at Stra.,1.0,3.0,data-slices,contradiction,neutral,True,neutral
477,Uncertain-Flip,34167.0,"The influence is clear even in the most spectacular of the Brenta villas, at Stra, the opulent Villa Pisani, or Villa Nazionale.",18705.0,The influence is less felt at the Villa Nazionale than at Stra.,The influence is more clearly felt at the Villa Nazionale than at Stra.,1.0,3.0,data-slices,contradiction,neutral,True,neutral
478,Certain-Flip,34742.0,The stock market historically has a higher rate of return than government bonds do.,19009.0,Government bonds are performing better than five years ago.,Government bonds are performing worse now than five years ago.,1.0,3.0,data-slices,contradiction,neutral,True,neutral
479,Uncertain-Flip,34742.0,The stock market historically has a higher rate of return than government bonds do.,19010.0,Government bonds are performing better now than five years ago.,Government bonds are performing worse now than five years ago.,1.0,3.0,data-slices,contradiction,neutral,True,neutral
480,Uncertain-Flip,34742.0,The stock market historically has a higher rate of return than government bonds do.,19012.0,Government bonds are performing better than they did five years ago.,Government bonds are performing worse now than five years ago.,1.0,3.0,data-slices,contradiction,neutral,True,neutral
482,Uncertain-Flip,36791.0,we all would say who are in industry and everything we'd say hey this means business we ought to,20189.0,The industry doesn't need people like us who mean business.,The industry need more people like us who mean business.,1.0,3.0,data-slices,contradiction,neutral,True,neutral
493,Certain-Same,42015.0,"Thought you were quite a meek little kid with just enough brains for my purpose.""",22853.0,I expected you to be little more than a naive child.,I expected you to be nothing more than a naive child.,2.0,3.0,data-slices,entailment,neutral,True,entailment
494,Uncertain-Flip,43000.0,The main reason I only bought one or two was I knew that after playing them I would generally be stuck with them.,23370.0,"I did not want to buy more, so I only bought a couple.",I did not want to buy more than a couple.,2.0,3.0,data-slices,neutral,entailment,True,entailment
496,Uncertain-Same,44014.0,right um i wonder i wonder if now the people in the Soviet Union don't have ideas very different from that so at least,23967.0,I am not at all sure about wondering if people have different ideas from the Soviet Union than today.,I am not at all curious about wondering if people have different ideas from the Soviet Union than today.,1.0,3.0,data-slices,contradiction,neutral,True,contradiction
497,Certain-Flip,44014.0,right um i wonder i wonder if now the people in the Soviet Union don't have ideas very different from that so at least,23973.0,I am curious about wondering if people have different ideas from the Soviet Union than today.,I am not at all curious about wondering if people have different ideas from the Soviet Union than today.,2.0,3.0,data-slices,entailment,neutral,True,contradiction
498,Uncertain-Flip,44014.0,right um i wonder i wonder if now the people in the Soviet Union don't have ideas very different from that so at least,23974.0,"I am not at all sure, but I am wondering if people have different ideas from the Soviet Union than today.",I am not at all curious about wondering if people have different ideas from the Soviet Union than today.,2.0,3.0,data-slices,neutral,entailment,True,contradiction
499,Uncertain-Flip,44014.0,right um i wonder i wonder if now the people in the Soviet Union don't have ideas very different from that so at least,23976.0,I am not sure about wondering if people have different ideas from the Soviet Union than today.,I am not at all curious about wondering if people have different ideas from the Soviet Union than today.,2.0,3.0,data-slices,entailment,neutral,True,contradiction
504,Uncertain-Flip,50655.0,"""Blue Bellies?"" Drew was wrenched back months, a year, by that old army slang.",27447.0,Drew was remembering the time he was in the army because of the term Blue Bellies.,Drew was remembering the past in the army because of the term Blue Bellies.,1.0,3.0,data-slices,neutral,entailment,True,entailment
506,Uncertain-Flip,50655.0,"""Blue Bellies?"" Drew was wrenched back months, a year, by that old army slang.",27451.0,Drew was remembering his time in the army because of the term Blue Bellies.,Drew was remembering the past in the army because of the term Blue Bellies.,1.0,3.0,data-slices,neutral,entailment,True,entailment
508,Uncertain-Flip,51456.0,"His head turned, his attitude now one of listening concentration.",27968.0,"Before he turned his head, he was listening.","Before he turned his head, he was not listening.",2.0,3.0,data-slices,contradiction,neutral,True,neutral
509,Uncertain-Flip,51456.0,"His head turned, his attitude now one of listening concentration.",27973.0,"Before he turned his head, he was focused on listening.","Before he turned his head, he was not listening.",2.0,3.0,data-slices,contradiction,neutral,True,neutral
512,Uncertain-Same,52021.0,Some have argued that the mission of the visa function is primarily related to homeland security and that therefore the function should be located within the proposed department.,28334.0,The mission of the visa function was discussed by a lot of people.,The mission of the visa function was discussed by some people.,1.0,3.0,data-slices,entailment,neutral,True,entailment
514,Uncertain-Same,53815.0,"From here, it's a short walk west to the grounds of Shinobazu Pond.",29255.0,"If you will walk west from Shinobazu Pond, you will go to the Whisperer's Forest.","If you will walk past, you will go to the Whisperer's Forest.",1.0,3.0,data-slices,contradiction,neutral,True,contradiction
516,Certain-Same,53815.0,"From here, it's a short walk west to the grounds of Shinobazu Pond.",29257.0,"If you will walk west, you will go to the Whisperer's Forest.","If you will walk past, you will go to the Whisperer's Forest.",1.0,3.0,data-slices,contradiction,neutral,True,contradiction
518,Certain-Flip,54357.0,Estimating the private saving offset is complicated by the fact that individuals may respond differently to changes in government saving.,29566.0,Individuals may react differently if they realize the government is saving less.,Individuals might save more if they realize the government is saving less.,2.0,3.0,data-slices,entailment,neutral,True,neutral
521,Uncertain-Flip,54357.0,Estimating the private saving offset is complicated by the fact that individuals may respond differently to changes in government saving.,29569.0,Individuals might save differently if they realize the government is saving less.,Individuals might save more if they realize the government is saving less.,2.0,3.0,data-slices,entailment,neutral,True,neutral
524,Uncertain-Same,58558.0,We selected six private sector companies and three state governments to serve as our case studies.,31823.0,We chose only a handful of companies in the private sector.,We chose more than a handful of companies in the private sector.,2.0,3.0,data-slices,entailment,contradiction,True,entailment
525,Uncertain-Same,58558.0,We selected six private sector companies and three state governments to serve as our case studies.,31826.0,We only chose a handful of companies in the private sector.,We chose more than a handful of companies in the private sector.,2.0,3.0,data-slices,entailment,contradiction,True,entailment
527,Uncertain-Same,64405.0,"Being president is not about bucking authority, it's about being authority.",34803.0,Being president should not allow you to shrug off authority but be more than that.,Being president should not allow you to shrug off authority but be better than that.,2.0,3.0,data-slices,neutral,entailment,True,neutral
530,Certain-Same,64885.0,The Manson fight is a morality play in which everyone wins.,35044.0,The brawl is based on principles of morality in which no one loses.,The brawl is based on principles where no one loses.,2.0,3.0,data-slices,entailment,neutral,True,entailment
531,Uncertain-Same,64885.0,The Manson fight is a morality play in which everyone wins.,35045.0,The brawl is based on morality because no one loses.,The brawl is based on principles where no one loses.,1.0,3.0,data-slices,entailment,neutral,True,entailment
532,Uncertain-Same,64885.0,The Manson fight is a morality play in which everyone wins.,35046.0,The brawl is based on principles where.,The brawl is based on principles where no one loses.,2.0,3.0,data-slices,entailment,neutral,True,entailment
533,Uncertain-Flip,64885.0,The Manson fight is a morality play in which everyone wins.,35047.0,The brawl is based on principles where everyone wins and no one loses.,The brawl is based on principles where no one loses.,2.0,3.0,data-slices,neutral,entailment,True,entailment
536,Uncertain-Same,65448.0,"They don't seem to have the damage they claim they have, and they're bragging about it.",35416.0,They're bragging about not having any.,They're bragging about not having any damage at all.,2.0,3.0,data-slices,contradiction,neutral,True,contradiction
539,Uncertain-Flip,68991.0,"It is not the mandated, nondistortable function of the courts to inquire into all serious questions of statutory validity in all cases.",37300.0,Courts inquire into validity of cases because serious cases cannot be pursued.,Courts inquire into validity of cases because some cases cannot be pursued.,2.0,3.0,data-slices,contradiction,neutral,True,neutral
546,Certain-Flip,73132.0,We do not solicit donations in locations where we have not received written confirmation of compliance.,39521.0,We will try and get donations in certain locations.,We do not try and get donations in certain locations.,2.0,3.0,data-slices,neutral,entailment,True,entailment
548,Uncertain-Flip,73132.0,We do not solicit donations in locations where we have not received written confirmation of compliance.,39525.0,We do try and get donations in certain locations.,We do not try and get donations in certain locations.,2.0,3.0,data-slices,neutral,entailment,True,entailment
550,Uncertain-Same,74881.0,He also had orang laut pirates patrolling the seas to extort tribute from passing ships.,40472.0,The pirates were at port and chose to patrol the ocean.,The pirates were at port and chose not to patrol the ocean.,1.0,3.0,data-slices,contradiction,neutral,True,contradiction
551,Uncertain-Same,74881.0,He also had orang laut pirates patrolling the seas to extort tribute from passing ships.,40475.0,The pirates were at port and were paid to patrol the ocean.,The pirates were at port and chose not to patrol the ocean.,1.0,3.0,data-slices,contradiction,neutral,True,contradiction
553,Uncertain-Same,80219.0,"It would be more likely to be a bit after four, not before it.""",43208.0,It would probably be after four o'clock or a minute before that.,"It would probably be after four o'clock, not a minute before that.",2.0,3.0,data-slices,entailment,contradiction,True,entailment
554,Uncertain-Flip,80219.0,"It would be more likely to be a bit after four, not before it.""",43211.0,"It would probably be after four o'clock, maybe a minute before that.","It would probably be after four o'clock, not a minute before that.",2.0,3.0,data-slices,neutral,contradiction,True,entailment
556,Uncertain-Same,80219.0,"It would be more likely to be a bit after four, not before it.""",43222.0,It would probably be after four o'clock and a minute before that.,"It would probably be after four o'clock, not a minute before that.",2.0,3.0,data-slices,entailment,contradiction,True,entailment
559,Uncertain-Same,80496.0,"Sergeant. Drew corrected automatically and then asked:""How did you know I'd been in the army?"" ",43368.0,Sgt. Drew clarified that he was no longer in the army.,Sgt. Drew clarified that he had never been in the army.,1.0,3.0,data-slices,contradiction,neutral,True,contradiction
560,Uncertain-Flip,83328.0,The Edinburgh International Festival (held annually since 1947) is acknowledged as one of the world's most important arts festivals.,44973.0,The Edinburgh International Festival was founded in.,The Edinburgh International Festival was founded in the past decade.,2.0,3.0,data-slices,entailment,neutral,True,contradiction
561,Uncertain-Flip,83328.0,The Edinburgh International Festival (held annually since 1947) is acknowledged as one of the world's most important arts festivals.,44975.0,The Edinburgh International Festival was founded in the 1940s and has been held every decade.,The Edinburgh International Festival was founded in the past decade.,1.0,3.0,data-slices,entailment,neutral,True,contradiction
562,Uncertain-Same,83328.0,The Edinburgh International Festival (held annually since 1947) is acknowledged as one of the world's most important arts festivals.,44976.0,The Edinburgh International Festival was founded in the.label: neutral.,The Edinburgh International Festival was founded in the past decade.,2.0,3.0,data-slices,contradiction,neutral,True,contradiction
566,Uncertain-Same,85671.0,oh do they probably the more you pay though the better the machine you have,46354.0,The better machines cost more money because they're better.,The better machines cost more money because they're designed better.,2.0,3.0,data-slices,neutral,entailment,True,neutral
572,Certain-Flip,87394.0,"Tribal culture reigned, untouched by the more sophisticated civilization of the Roman Empire.",47287.0,The civilization of the Roman Empire tried to taint the tribal culture.,The civilization of the Roman Empire did not taint the tribal culture.,2.0,3.0,data-slices,contradiction,neutral,True,entailment
