,Worker,flip-class,hypoID,hypothesis,mask-type,model-label,orig-prob,premID,premise,response,model-wrong
69,A2EI075XZT9Y2S,Uncertain-Same,934.0,No amount of work that can be turned over in this way is quite large.,content-words,entailment,0.99,209.0,(Mitchell 1999) The amount of work that can be turned over in this way is quite large.,contradiction,True
69,A2EI075XZT9Y2S,Uncertain-Same,938.0,The amount of money that can be turned over in this way is quite large.,content-words,entailment,0.99,209.0,(Mitchell 1999) The amount of work that can be turned over in this way is quite large.,neutral,True
357,A30HUZHJBOX1LK,Uncertain-Same,1770.0,The Maroon people tenderized and cooked their pork before they developed the jerk marinating technique.,gradient,entailment,0.99,607.0,The jerk marinating technique was first developed by the Maroon people as a method of tenderizing and cooking their pork.,neutral,True
357,A30HUZHJBOX1LK,Uncertain-Flip,1774.0,The Maroon people tenderized and cooked their pork before developing the jerk marinating technique.,gradient,contradiction,0.99,607.0,The jerk marinating technique was first developed by the Maroon people as a method of tenderizing and cooking their pork.,neutral,True
357,A30HUZHJBOX1LK,Certain-Flip,1780.0,The Maroon people tenderized and cooked their beef with the jerk marinating technique.,gradient,contradiction,0.99,607.0,The jerk marinating technique was first developed by the Maroon people as a method of tenderizing and cooking their pork.,neutral,True
135,A30HUZHJBOX1LK,Uncertain-Same,5284.0,Most mail may be viewed as community newspapers or shoppers and not Periodicals.,content-words,neutral,0.97,1016.0,It also includes some mail that might be viewed as community newspapers or shoppers and some that could be viewed as Periodicals.,contradiction,True
27,A2C84POENS2UNY,Uncertain-Same,5792.0,He was currently engaging in a time of happiness and frustration.,content-words,contradiction,1.0,1128.0,It would ease his own frustration and show strength in a time of weakness.,neutral,True
432,A2EI075XZT9Y2S,Uncertain-Flip,3299.0,An over zealous policeman might not detain him to explain what was going on.,gradient,contradiction,0.95,1199.0,But in these obscure aristocratic byways he could not but feel that an officious policeman might stop him to explain matters.,neutral,True
432,A2EI075XZT9Y2S,Uncertain-Same,3304.0,An over zealous policeman might not want him to explain what was going on.,gradient,entailment,0.95,1199.0,But in these obscure aristocratic byways he could not but feel that an officious policeman might stop him to explain matters.,contradiction,True
189,A2EI075XZT9Y2S,Uncertain-Same,871.0,The Wan Chai waterfront is unfortunately not far from the convention center.,data-slices,contradiction,1.0,1456.0,"The convention center, an extension on reclaimed land, affords stunning views of the Wan Chai waterfront.",neutral,True
102,A2C84POENS2UNY,Uncertain-Same,7810.0,The observation decks offer views if the weather is sunny,content-words,neutral,0.99,1525.0,"Weather permitting, the observation decks on the 45th floors of both towers offer views all the way to Mt.",entailment,True
30,A2EI075XZT9Y2S,Uncertain-Flip,7853.0,It would be unfortunate if he couldn't get a job as an assistant.,content-words,entailment,1.0,1536.0,he'd be lucky if he can get an assistant uh job someplace,neutral,True
30,A2EI075XZT9Y2S,Uncertain-Same,7856.0,It would be unfortunate if he got no work as an assistant.,content-words,contradiction,1.0,1536.0,he'd be lucky if he can get an assistant uh job someplace,neutral,True
42,A2C84POENS2UNY,Uncertain-Flip,7950.0,Average incomes are listed in a table in the numeral I.,content-words,contradiction,1.0,1559.0,The numeral II could indicate locations of average income and stop density that are relatively economical to deliver.,neutral,True
42,A2C84POENS2UNY,Uncertain-Flip,7955.0,Average incomes are listed in the numeral II in the report.,content-words,entailment,1.0,1559.0,The numeral II could indicate locations of average income and stop density that are relatively economical to deliver.,neutral,True
21,A30HUZHJBOX1LK,Uncertain-Same,9186.0,The proposed risks to the environment and the workers in that scenario seem to be just a theory.,content-words,neutral,1.0,1769.0,The risks to the environment and to workers seem theoretical.,entailment,True
21,A30HUZHJBOX1LK,Certain-Same,9189.0,"The proposed risks to the environment, and the workers in that field seem to be just a theory.",content-words,neutral,1.0,1769.0,The risks to the environment and to workers seem theoretical.,entailment,True
201,A2C84POENS2UNY,Uncertain-Same,1114.0,There is no easy way to determine if someone abuses alcohol.,data-slices,contradiction,1.0,1886.0,Screening undertaken using clinical impression or biochemical tests is not as accurate or as sensitive as structured questionnaires for identifying alcohol use disorders or problematic consumption.,neutral,True
201,A2C84POENS2UNY,Certain-Same,1115.0,There is no reliable way to determine if someone abuses alcohol.,data-slices,contradiction,1.0,1886.0,Screening undertaken using clinical impression or biochemical tests is not as accurate or as sensitive as structured questionnaires for identifying alcohol use disorders or problematic consumption.,neutral,True
201,A2C84POENS2UNY,Uncertain-Same,1116.0,There is no surefire way to determine if someone abuses alcohol.,data-slices,contradiction,1.0,1886.0,Screening undertaken using clinical impression or biochemical tests is not as accurate or as sensitive as structured questionnaires for identifying alcohol use disorders or problematic consumption.,neutral,True
75,A30HUZHJBOX1LK,Uncertain-Flip,11636.0,"That sounds like fun, that was actually one of my ideas as well.",content-words,entailment,0.99,2207.0,that does sound like fun well i've gotten some good ideas from you,neutral,True
339,A30HUZHJBOX1LK,Uncertain-Same,6609.0,There is no other way to ask for a physical menu to look at.,gradient,contradiction,1.0,2289.0,"If you want to look at the actual menu and see what else is offered, then you should ask for  la carta.  ",neutral,True
366,A30HUZHJBOX1LK,Uncertain-Same,7562.0,That is how they want the whole world to be.,gradient,entailment,0.99,2655.0,yeah yeah yeah and that they they think the whole world is like that,neutral,True
366,A30HUZHJBOX1LK,Uncertain-Same,7571.0,That is the way they want the whole world to be.,gradient,entailment,0.99,2655.0,yeah yeah yeah and that they they think the whole world is like that,neutral,True
150,A2EI075XZT9Y2S,Uncertain-Flip,1698.0,A layperson that represents himself will always have the power of subpoena.,data-slices,entailment,1.0,2923.0,That evidence can include corroborative witnesses -- and even a layperson representing himself has the power of subpoena to require testimony.,neutral,True
150,A2EI075XZT9Y2S,Uncertain-Same,1701.0,A layperson that represents himself does not always have the power of subpoena.,data-slices,contradiction,1.0,2923.0,That evidence can include corroborative witnesses -- and even a layperson representing himself has the power of subpoena to require testimony.,neutral,True
426,A30HUZHJBOX1LK,Certain-Flip,9174.0,"He will only do it once, so you only have to ask him once.",gradient,neutral,0.96,3249.0,then you got to get him to if he's going to do it you've got to twist his arm to get him to go do it,contradiction,True
426,A30HUZHJBOX1LK,Uncertain-Flip,9175.0,He will end up doing it so you only have to ask him once.,gradient,neutral,0.96,3249.0,then you got to get him to if he's going to do it you've got to twist his arm to get him to go do it,contradiction,True
90,A2C84POENS2UNY,Uncertain-Flip,17455.0,Should one year of service be mandatory for all Americans?,content-words,neutral,0.99,3361.0,so huh what do you think should they uh should young Americans be forced to do a year of service,contradiction,True
129,A2C84POENS2UNY,Uncertain-Same,17482.0,Litigation is time consuming and results in air quality not being determined by the courts.,content-words,entailment,0.97,3363.0,"Implementation and enforcement usually requires years of litigation, leaving the fate of America's air to the uncertainties of the courtroom.",neutral,True
129,A2C84POENS2UNY,Certain-Same,17487.0,Litigation is time consuming due to the air quality being determined by the courts.,content-words,entailment,0.97,3363.0,"Implementation and enforcement usually requires years of litigation, leaving the fate of America's air to the uncertainties of the courtroom.",contradiction,True
60,A2EI075XZT9Y2S,Uncertain-Same,17793.0,I don't know what to do about what I've got.,content-words,neutral,1.0,3413.0,so i don't know i i i have no idea what to do about it,entailment,True
60,A2EI075XZT9Y2S,Uncertain-Same,17796.0,I don't know what to do about the problem I got.,content-words,neutral,1.0,3413.0,so i don't know i i i have no idea what to do about it,entailment,True
117,A2C84POENS2UNY,Certain-Flip,18126.0,I don't like any of his works that are currently out.,content-words,contradiction,0.98,3466.0,he's got several out that i like and uh matter fact,neutral,True
117,A2C84POENS2UNY,Uncertain-Same,18133.0,I like several of his songs that are currently out.,content-words,entailment,0.98,3466.0,he's got several out that i like and uh matter fact,neutral,True
48,A30HUZHJBOX1LK,Uncertain-Same,20516.0,The best view of the citadel is from a.label: neutral.,content-words,contradiction,1.0,3967.0,The best view of the whole citadel can be had from the terrace of the Jaisal Castle Hotel.,neutral,True
48,A30HUZHJBOX1LK,Uncertain-Flip,20518.0,The best view of the citadel is from a government hotel terrace.,content-words,neutral,1.0,3967.0,The best view of the whole citadel can be had from the terrace of the Jaisal Castle Hotel.,contradiction,True
309,A2C84POENS2UNY,Uncertain-Flip,12369.0,I don't want to offend you by saying you're old.,gradient,entailment,1.0,4377.0,Don't be offended because I think you're young.,contradiction,True
33,A2C84POENS2UNY,Uncertain-Same,23112.0,"What caused it? inquired Jane, as Tuppence rejoined her.",content-words,neutral,1.0,4461.0,What was it? asked Jane as Tuppence rejoined her.,contradiction,True
54,A2C84POENS2UNY,Certain-Same,23925.0,I said that speaking to the parties would.,content-words,contradiction,1.0,4614.0,(Prudie agrees that speaking directly to the parties would probably not be useful.),neutral,True
54,A2C84POENS2UNY,Uncertain-Same,23927.0,I said that speaking to the parties.,content-words,contradiction,1.0,4614.0,(Prudie agrees that speaking directly to the parties would probably not be useful.),neutral,True
54,A2C84POENS2UNY,Uncertain-Flip,23928.0,I said that speaking to the parties would probably not be useful.,content-words,entailment,1.0,4614.0,(Prudie agrees that speaking directly to the parties would probably not be useful.),neutral,True
54,A2C84POENS2UNY,Uncertain-Flip,23929.0,I said that speaking to the parties wouldn't be useful.,content-words,entailment,1.0,4614.0,(Prudie agrees that speaking directly to the parties would probably not be useful.),neutral,True
402,A2EI075XZT9Y2S,Uncertain-Same,15960.0,The most dramatic year was when they beat the A's.,gradient,entailment,0.97,5711.0,the the year they beat the As yeah that was really dramatic they were,neutral,True
402,A2EI075XZT9Y2S,Uncertain-Same,15962.0,The really dramatic moment of the season was when they beat the A's.,gradient,entailment,0.97,5711.0,the the year they beat the As yeah that was really dramatic they were,neutral,True
447,A2EI075XZT9Y2S,Certain-Flip,16002.0,Uncle Hiram told them that he had no sons.,gradient,contradiction,0.94,5728.0,Are you really Uncle Hiram's son? she asked wonderingly.,neutral,True
447,A2EI075XZT9Y2S,Uncertain-Flip,16007.0,Uncle Hiram had informed them that he had no sons.,gradient,contradiction,0.94,5728.0,Are you really Uncle Hiram's son? she asked wonderingly.,neutral,True
24,A2EI075XZT9Y2S,Uncertain-Flip,30052.0,Humans will be unable to live on the planet forever.,content-words,entailment,1.0,5851.0,and things will live on this planet but humans may not be able to anymore,neutral,True
24,A2EI075XZT9Y2S,Uncertain-Same,30053.0,"Humans will be able to live on the planet, but not forever.",content-words,contradiction,1.0,5851.0,and things will live on this planet but humans may not be able to anymore,neutral,True
24,A2EI075XZT9Y2S,Certain-Same,30058.0,Humans will be on the planet forever.,content-words,contradiction,1.0,5851.0,and things will live on this planet but humans may not be able to anymore,neutral,True
57,A2EI075XZT9Y2S,Uncertain-Flip,30141.0,Staffing issues result from other human problems.,content-words,entailment,1.0,5865.0,Another human capital issue is more structural in terms of staffing.,neutral,True
57,A2EI075XZT9Y2S,Uncertain-Flip,30147.0,Staffing issues result from other human problems in.,content-words,entailment,1.0,5865.0,Another human capital issue is more structural in terms of staffing.,neutral,True
336,A2EI075XZT9Y2S,Uncertain-Same,16756.0,I had only heard of them turning some away.,gradient,neutral,1.0,5986.0,oh i didn't even know they were turning any away,contradiction,True
441,A2C84POENS2UNY,Uncertain-Flip,17569.0,"If you're looking for independent movies, emberlita is a good place to go.",gradient,contradiction,0.94,6273.0,"There are many cinemas in Istiklal Caddesi, and a multi-screen theatre at ?‡emberlita?« in the Old Cite which show mainstream movies.",neutral,True
441,A2C84POENS2UNY,Uncertain-Same,17570.0,"If you're looking for a good movie, emberlita is a good place to go.",gradient,entailment,0.94,6273.0,"There are many cinemas in Istiklal Caddesi, and a multi-screen theatre at ?‡emberlita?« in the Old Cite which show mainstream movies.",neutral,True
423,A2C84POENS2UNY,Uncertain-Same,18129.0,Everyone knew that he wasn't really who he said he was.,gradient,contradiction,0.96,6469.0,'Is that really him?' Somebody else asked.,neutral,True
51,A2C84POENS2UNY,Uncertain-Same,33430.0,Kos is not the best place to go to find well organized dive operators.,content-words,contradiction,1.0,6504.0,Kos has some well-organised dive operators at its resorts.,neutral,True
51,A2C84POENS2UNY,Uncertain-Same,33437.0,Kos is not the best place to find well organized dive operators.,content-words,contradiction,1.0,6504.0,Kos has some well-organised dive operators at its resorts.,neutral,True
36,A2EI075XZT9Y2S,Uncertain-Same,33506.0,The IOLTA program is optional for members of the military.,content-words,contradiction,1.0,6513.0,"Pursuant to our court rules, participation in the IOLTA program is mandatory.",neutral,True
6,A2C84POENS2UNY,Certain-Same,33884.0,"The shopping street Ormos Ermou, has the energy of a Mexican.",content-words,contradiction,1.0,6606.0,"A trading town and port, its main shopping street, Ormos Ermou, still throngs with the energy of an eastern bazaar.",neutral,True
6,A2C84POENS2UNY,Uncertain-Same,33888.0,"The shopping street Ormos Ermou, has the energy of a flea market.",content-words,contradiction,1.0,6606.0,"A trading town and port, its main shopping street, Ormos Ermou, still throngs with the energy of an eastern bazaar.",neutral,True
6,A2C84POENS2UNY,Uncertain-Flip,33889.0,"The shopping street Ormos Ermou, has the energy of a large flea market.",content-words,entailment,1.0,6606.0,"A trading town and port, its main shopping street, Ormos Ermou, still throngs with the energy of an eastern bazaar.",neutral,True
6,A2C84POENS2UNY,Uncertain-Flip,33896.0,"The shopping street Ormos Ermou, has the energy of a.",content-words,entailment,1.0,6606.0,"A trading town and port, its main shopping street, Ormos Ermou, still throngs with the energy of an eastern bazaar.",neutral,True
144,A30HUZHJBOX1LK,Uncertain-Flip,34638.0,The land in France is more prosperous.,content-words,entailment,0.97,6770.0,"If the land itself is the most obvious source of French pride, the nation's cultural wealth is just as important.",neutral,True
144,A30HUZHJBOX1LK,Uncertain-Flip,34647.0,The land in France is more prosperous than the nation.,content-words,contradiction,0.97,6770.0,"If the land itself is the most obvious source of French pride, the nation's cultural wealth is just as important.",neutral,True
321,A2EI075XZT9Y2S,Uncertain-Flip,19566.0,Mother Redcap's is the best known to most people.,gradient,entailment,1.0,6997.0,"Best known, perhaps is Mother Redcap's in Back Lane (opposite Christ Church Cathedral).",neutral,True
18,A30HUZHJBOX1LK,Uncertain-Same,36136.0,Those who feel holidays aren't the same without a game are gonna have to deal with the.,content-words,contradiction,1.0,7090.0,Those who feel a holiday isn't the same without a game are welcome to tee off there.,neutral,True
18,A30HUZHJBOX1LK,Uncertain-Flip,36138.0,Those who feel holidays aren't the same without a game are gonna have to deal with.,content-words,entailment,1.0,7090.0,Those who feel a holiday isn't the same without a game are welcome to tee off there.,contradiction,True
9,A30HUZHJBOX1LK,Uncertain-Same,37018.0,The prices of airplane tickets are outrageous.,content-words,contradiction,1.0,7244.0,It is also an area favored by backpackers lured by cheap hotels and restaurants and the chance of purchasing discounted air tickets.,neutral,True
417,A2C84POENS2UNY,Uncertain-Flip,21668.0,It's hard to imagine why a government would embargo a product that is used for cosmetic surgeries.,gradient,entailment,0.97,7716.0,"It is hard to imagine, though, why any government would embargo such a product, unless the plastic surgeons' lobby has already got to them.",neutral,True
387,A2C84POENS2UNY,Uncertain-Flip,22041.0,The schedule will not be implemented in its entirely at one time.,gradient,neutral,0.98,7830.0,The major phases of the implementation schedule are discussed below.,entailment,True
387,A2C84POENS2UNY,Certain-Flip,22044.0,The schedule will be implemented in several phases at one time.,gradient,entailment,0.98,7830.0,The major phases of the implementation schedule are discussed below.,neutral,True
387,A2C84POENS2UNY,Uncertain-Same,22046.0,The schedule was discussed in its entirely at one time.,gradient,contradiction,0.98,7830.0,The major phases of the implementation schedule are discussed below.,neutral,True
348,A2C84POENS2UNY,Uncertain-Same,22216.0,It is believed that Jesus was born over the grotto.,gradient,entailment,0.99,7903.0,It is constructed over the grotto where it is believed that Mary received the news that she would bear a son and should call him Jesus.,neutral,True
315,A2C84POENS2UNY,Uncertain-Flip,22434.0,It was not the vibrant colors on the label that caught his attention.,gradient,contradiction,1.0,7978.0,But it was the label that was attracting Poirot's attention.,neutral,True
315,A2C84POENS2UNY,Uncertain-Flip,22435.0,It wasn't the vibrant colors on the label that caught his attention.,gradient,contradiction,1.0,7978.0,But it was the label that was attracting Poirot's attention.,neutral,True
114,A30HUZHJBOX1LK,Uncertain-Flip,40695.0,The VP is worried that he will not be able to get his personal schedule.,content-words,neutral,0.99,8020.0,The Vice President has also expressed concern regarding certain requests for his personal schedule.,contradiction,True
114,A30HUZHJBOX1LK,Uncertain-Same,40698.0,The VP is worried that people are going to get.,content-words,entailment,0.99,8020.0,The Vice President has also expressed concern regarding certain requests for his personal schedule.,neutral,True
81,A30HUZHJBOX1LK,Certain-Same,41260.0,The intake systems of the past are perfectly fine and don't need replacing.,content-words,contradiction,0.99,8124.0,We have observed that many more clients receive some assistance when technologically sophisticated intake systems are installed.,neutral,True
81,A30HUZHJBOX1LK,Uncertain-Same,41276.0,The systems that were installed in the past are perfectly viable and don't need replacing.,content-words,contradiction,0.99,8124.0,We have observed that many more clients receive some assistance when technologically sophisticated intake systems are installed.,neutral,True
420,A2EI075XZT9Y2S,Uncertain-Flip,23068.0,The New Disclosure Option final rule gives mutual fund.,gradient,entailment,0.97,8203.0,"The New Disclosure Option final rule permits a mutual fund to offer investors a new disclosure document called a Aprofile, which summarizes key information",neutral,True
420,A2EI075XZT9Y2S,Uncertain-Same,23070.0,The New Disclosure Option final rule gives mutual fund investors too little information.,gradient,contradiction,0.97,8203.0,"The New Disclosure Option final rule permits a mutual fund to offer investors a new disclosure document called a Aprofile, which summarizes key information",neutral,True
420,A2EI075XZT9Y2S,Certain-Flip,23074.0,The New Disclosure Option final rule gives mutual funds a little information.,gradient,entailment,0.97,8203.0,"The New Disclosure Option final rule permits a mutual fund to offer investors a new disclosure document called a Aprofile, which summarizes key information",contradiction,True
429,A2C84POENS2UNY,Uncertain-Same,23373.0,He knows who I am and wants to know.,gradient,contradiction,0.95,8284.0,"He told me, 'You don't have to tell me who you are.",neutral,True
429,A2C84POENS2UNY,Certain-Same,23377.0,The man has no idea who I am and wants to know.,gradient,contradiction,0.95,8284.0,"He told me, 'You don't have to tell me who you are.",neutral,True
108,A2C84POENS2UNY,Uncertain-Flip,43360.0,They were under his authority because he was  a great leader.,content-words,neutral,0.99,8561.0,probably so just because they were under his authority and he obviously failed somewhere along the line,contradiction,True
108,A2C84POENS2UNY,Uncertain-Flip,43365.0,They were under his control because he was  a great leader.,content-words,neutral,0.99,8561.0,probably so just because they were under his authority and he obviously failed somewhere along the line,contradiction,True
435,A2EI075XZT9Y2S,Uncertain-Flip,24357.0,The answer was that the Murderers had yelled at each other.,gradient,neutral,0.95,8646.0,"Finally, a question to which I know the  Murderers yell at each other.",contradiction,True
435,A2EI075XZT9Y2S,Uncertain-Same,24364.0,I knew the answer was that the Murderers had yelled at.,gradient,entailment,0.95,8646.0,"Finally, a question to which I know the  Murderers yell at each other.",neutral,True
435,A2EI075XZT9Y2S,Certain-Same,24366.0,I knew the answer was that the Murderers had yelled at each.,gradient,entailment,0.95,8646.0,"Finally, a question to which I know the  Murderers yell at each other.",neutral,True
96,A2C84POENS2UNY,Uncertain-Flip,44686.0,Rennie has a foster son and they entailment.,content-words,entailment,0.99,8781.0,Rennie's foster son was now riding inspection between one water-hole fortification and another.,neutral,True
141,A30HUZHJBOX1LK,Uncertain-Same,46667.0,The tomb of the Bene Hezir is the only one we know is.,content-words,entailment,0.97,9162.0,"The third tomb, which belongs to the Bene Hezir, is the only one to have been authenticated.",neutral,True
294,A2C84POENS2UNY,Uncertain-Same,4859.0,No one has a solid answer to which is cause or which is effect.,data-slices,entailment,0.95,9244.0,Which is cause and which is effect here is an open question.,neutral,True
294,A2C84POENS2UNY,Uncertain-Flip,4860.0,There is an answer to which is cause or which is effect.,data-slices,contradiction,0.95,9244.0,Which is cause and which is effect here is an open question.,neutral,True
438,A2EI075XZT9Y2S,Uncertain-Same,26190.0,No one has a solid answer to which is cause or which is effect.,gradient,entailment,0.95,9244.0,Which is cause and which is effect here is an open question.,neutral,True
438,A2EI075XZT9Y2S,Uncertain-Same,26195.0,There is no answer to which is cause or which is effect.,gradient,entailment,0.95,9244.0,Which is cause and which is effect here is an open question.,neutral,True
3,A2C84POENS2UNY,Uncertain-Flip,48515.0,You won't be able to fail to notice the niche below the staircase.,content-words,neutral,1.0,9515.0,"As you go through the gate decorated with the arms of the Ceter?­cian order, you'll notice a niche for a guard dog below the staircase.",entailment,True
3,A2C84POENS2UNY,Uncertain-Flip,48518.0,You won't be able to miss the niche below the staircase.,content-words,neutral,1.0,9515.0,"As you go through the gate decorated with the arms of the Ceter?­cian order, you'll notice a niche for a guard dog below the staircase.",entailment,True
375,A2C84POENS2UNY,Uncertain-Same,27267.0,"Jack, a coworker of mine I've know for a while, sent me an application.",gradient,entailment,0.99,9577.0,and i uh of course was i was sent a uh an application from uh from Jack i've known Jack for sometime i'm in the,neutral,True
111,A2C84POENS2UNY,Uncertain-Flip,51138.0,Parcels under 10 ounces are considered to be basic mail.,content-words,contradiction,0.99,9992.0,Basic mail also includes some parcels under 11 ounces and some non-standard pieces.,entailment,True
111,A2C84POENS2UNY,Certain-Flip,51142.0,Parcels under 11 ounces are considered to be standard mail.,content-words,contradiction,0.99,9992.0,Basic mail also includes some parcels under 11 ounces and some non-standard pieces.,neutral,True
105,A2EI075XZT9Y2S,Uncertain-Same,51921.0,Shandurai is not able to complete several of his household chores.,content-words,contradiction,0.99,10179.0,"All day, this gangling, bug-eyed oddball plays Scriabin on his grand piano while Shandurai dusts, vacuums, sews, irons, and launders.",neutral,True
78,A2C84POENS2UNY,Certain-Flip,52158.0,Interventionists are unlikely to take any steps to assess change.,content-words,contradiction,0.99,10209.0,"In assessing change, interventionists can use three markers to help  importance, confidence, and readiness.",neutral,True
78,A2C84POENS2UNY,Uncertain-Flip,52165.0,Interventionists are unlikely to take all three markers into consideration when they assess change.,content-words,contradiction,0.99,10209.0,"In assessing change, interventionists can use three markers to help  importance, confidence, and readiness.",neutral,True
45,A2EI075XZT9Y2S,Uncertain-Same,52222.0,It is a new hotel that still has a long way to go.,content-words,contradiction,1.0,10221.0,This new hotel has supplanted the national parador as the top choice in Toledo.,neutral,True
45,A2EI075XZT9Y2S,Uncertain-Same,52227.0,It is a brand new hotel that still has a long way to go.,content-words,contradiction,1.0,10221.0,This new hotel has supplanted the national parador as the top choice in Toledo.,neutral,True
72,A2C84POENS2UNY,Uncertain-Flip,53219.0,A bit of Jew in a good way isn't a terrible thing.,content-words,neutral,0.99,10397.0,A tinge of Jewish blood is not a bad thing.,entailment,True
72,A2C84POENS2UNY,Uncertain-Same,53227.0,A bit of Jew in a person isn't a.   A bit of Jew in a person isn't a.,content-words,entailment,0.99,10397.0,A tinge of Jewish blood is not a bad thing.,neutral,True
87,A2EI075XZT9Y2S,Uncertain-Flip,53578.0,Colonists suffered attacks from the British only during the First Maroon War.,content-words,neutral,0.99,10453.0,They made their settlements in the hills away from British rule but began to attack colonists in a program of raids now remembered as The First Maroon War.,contradiction,True
99,A2C84POENS2UNY,Certain-Flip,54580.0,You will be able to see a lot of mountains of sand.,content-words,contradiction,0.99,10604.0,The enormous mountain of salt you'll see comes from the La Mata and Torrevieja pans.,neutral,True
99,A2C84POENS2UNY,Certain-Flip,54583.0,You will be able to see a lot of sand.,content-words,contradiction,0.99,10604.0,The enormous mountain of salt you'll see comes from the La Mata and Torrevieja pans.,neutral,True
99,A2C84POENS2UNY,Uncertain-Flip,54585.0,You will be able to see a.label: contradiction.,content-words,contradiction,0.99,10604.0,The enormous mountain of salt you'll see comes from the La Mata and Torrevieja pans.,neutral,True
300,A30HUZHJBOX1LK,Uncertain-Flip,30650.0,"Less than 10,000 browsers visit Choose Your Slate each month.",gradient,entailment,1.0,10695.0,"Choose your  Slate attracts about 6,000 unique browsers a day and 80,000 a month.",contradiction,True
39,A30HUZHJBOX1LK,Uncertain-Flip,55057.0,"Less than 10,000 browsers visit Choose Your Slate each month.",content-words,entailment,1.0,10695.0,"Choose your  Slate attracts about 6,000 unique browsers a day and 80,000 a month.",contradiction,True
345,A2EI075XZT9Y2S,Uncertain-Flip,31628.0,It turns out that it costs less than 72 to buy $1 of dividends.,gradient,neutral,0.99,11041.0,But it turns out that to buy $1 of dividends costs you $72 (among Dow Jones industrial average stocks).,contradiction,True
345,A2EI075XZT9Y2S,Uncertain-Same,31633.0,It turns out that it costs $═ to buy $1 of dividends.,gradient,entailment,0.99,11041.0,But it turns out that to buy $1 of dividends costs you $72 (among Dow Jones industrial average stocks).,neutral,True
405,A30HUZHJBOX1LK,Uncertain-Flip,31664.0,There is some fun not to be had in Griffith Park.,gradient,contradiction,0.97,11045.0,"Several other attractions are nearby, all in Griffith Park, including train, pony, and stagecoach rides, a carousel, and the Griffith Observatory.",neutral,True
66,A2EI075XZT9Y2S,Uncertain-Flip,57282.0,The temperatures in winter time are high enough to create ice.,content-words,entailment,0.99,11101.0,In the winter the falls form a spectacular cascade of icicles.,contradiction,True
66,A2EI075XZT9Y2S,Uncertain-Same,57285.0,The temperatures in winter time are not enough.,content-words,contradiction,0.99,11101.0,In the winter the falls form a spectacular cascade of icicles.,neutral,True
126,A2C84POENS2UNY,Uncertain-Flip,58201.0,Is there no common cause with the major international puzzles?,content-words,contradiction,0.98,11294.0,The Six Major Puzzles in International  Is There a Common Cause?,neutral,True
126,A2C84POENS2UNY,Uncertain-Same,58207.0,Is there a common problem with the major international puzzles?,content-words,entailment,0.98,11294.0,The Six Major Puzzles in International  Is There a Common Cause?,neutral,True
126,A2C84POENS2UNY,Uncertain-Same,58209.0,Is there a common cause with the?,content-words,entailment,0.98,11294.0,The Six Major Puzzles in International  Is There a Common Cause?,neutral,True
378,A2EI075XZT9Y2S,Uncertain-Same,32530.0,She wasn't foolish enough to not turn her back on him.,gradient,contradiction,0.99,11303.0,"We entered your sign during the night."" She turned her back on him and took something from a chest beside the bed.",neutral,True
378,A2EI075XZT9Y2S,Uncertain-Flip,32532.0,She wasn't foolish and turned her back on him.,gradient,entailment,0.99,11303.0,"We entered your sign during the night."" She turned her back on him and took something from a chest beside the bed.",neutral,True
93,A2C84POENS2UNY,Uncertain-Same,58786.0,The Franciscan monastery has an atmospheric part built in the.label: neutral.,content-words,entailment,0.99,11410.0,The atmospheric place was part of a Franciscan monastery built in the 17th century.,neutral,True
93,A2C84POENS2UNY,Uncertain-Same,58806.0,The Franciscan monastery has an atmosphere because it was built in the 17th century.,content-words,entailment,0.99,11410.0,The atmospheric place was part of a Franciscan monastery built in the 17th century.,neutral,True
411,A30HUZHJBOX1LK,Certain-Flip,32838.0,I had one pickup truck and gave the other on away.,gradient,contradiction,0.97,11422.0,yeah that's i i had a pickup truck in fact i had i had two the last one i gave to my uh uh youngest,entailment,True
411,A30HUZHJBOX1LK,Uncertain-Same,32840.0,"I had two pickup trucks, I bought one and gave the other on away.",gradient,entailment,0.97,11422.0,yeah that's i i had a pickup truck in fact i had i had two the last one i gave to my uh uh youngest,neutral,True
132,A30HUZHJBOX1LK,Uncertain-Same,59528.0,The court system is only open to observers for a year.,content-words,contradiction,0.97,11535.0,"The court system is open to observers, with very few exceptions, and such an opportunity ought not be missed.",neutral,True
132,A30HUZHJBOX1LK,Uncertain-Same,59532.0,The court system is only open to observers three.,content-words,contradiction,0.97,11535.0,"The court system is open to observers, with very few exceptions, and such an opportunity ought not be missed.",neutral,True
132,A30HUZHJBOX1LK,Certain-Same,59539.0,The court system is only open to observers a few days a year.,content-words,contradiction,0.97,11535.0,"The court system is open to observers, with very few exceptions, and such an opportunity ought not be missed.",neutral,True
369,A2EI075XZT9Y2S,Uncertain-Same,33237.0,"San'doro stabbed them deep, twisted, moved them, and then pulled them free in opposite directions.",gradient,entailment,0.99,11551.0,"San'doro stabbed them deep, twisted, and then pulled apart in opposite directions.",neutral,True
369,A2EI075XZT9Y2S,Certain-Same,33238.0,"San'doro stab them deep, moved them, and then pulled them free in opposite directions.",gradient,entailment,0.99,11551.0,"San'doro stabbed them deep, twisted, and then pulled apart in opposite directions.",neutral,True
369,A2EI075XZT9Y2S,Uncertain-Flip,33246.0,"San'doro stabbed them deep, moved them, and then pulled them together in opposite directions.",gradient,contradiction,0.99,11551.0,"San'doro stabbed them deep, twisted, and then pulled apart in opposite directions.",neutral,True
369,A2EI075XZT9Y2S,Uncertain-Same,33252.0,"San'doro stabbed them, twisted, moved them, and then pulled them free in opposite directions.",gradient,entailment,0.99,11551.0,"San'doro stabbed them deep, twisted, and then pulled apart in opposite directions.",neutral,True
63,A2C84POENS2UNY,Uncertain-Flip,60101.0,"Over time, the price of other goods as declined in comparison to recent years.",content-words,contradiction,0.99,11641.0,A dollar of saving buys more investment goods now than in the past because the price of investment goods has decreased relative to other goods in recent years.,neutral,True
63,A2C84POENS2UNY,Uncertain-Flip,60112.0,"Over time, the price of all goods as declined in comparison to recent years.",content-words,neutral,0.99,11641.0,A dollar of saving buys more investment goods now than in the past because the price of investment goods has decreased relative to other goods in recent years.,contradiction,True
0,A2EI075XZT9Y2S,Uncertain-Flip,60433.0,Simmons is most known for his work with mobile park dwellers in Iowa.,content-words,entailment,1.0,11688.0,"Simmons works most directly with residents of the approximately 55,700 mobile homes in Iowa.",neutral,True
0,A2EI075XZT9Y2S,Uncertain-Flip,60441.0,Simmons has never talked about his work with mobile park dwellers in Iowa.,content-words,contradiction,1.0,11688.0,"Simmons works most directly with residents of the approximately 55,700 mobile homes in Iowa.",neutral,True
12,A2C84POENS2UNY,Uncertain-Same,62086.0,Sant Joan is the capital of a large city on the island.,content-words,contradiction,1.0,12000.0," You may want to visit some of the other inland hamlets Santa In??s, Sant Joan, and Sant Carles, to name just three.",neutral,True
123,A2C84POENS2UNY,Uncertain-Flip,62870.0,"He couldn't get enough of being a pretender, and their punitive action no longer mattered.",content-words,entailment,0.98,12179.0,"He'd been a pretender long enough, and what punitive action they took now didn't seem to matter.",contradiction,True
414,A30HUZHJBOX1LK,Uncertain-Flip,35112.0,The leaders could not see the villains of the time.,gradient,entailment,0.97,12194.0,No leader was so clear-eyed about the century's villains.,contradiction,True
414,A30HUZHJBOX1LK,Uncertain-Same,35113.0,The leaders could clearly see the villains most of the time.,gradient,contradiction,0.97,12194.0,No leader was so clear-eyed about the century's villains.,neutral,True
414,A30HUZHJBOX1LK,Certain-Same,35114.0,The leaders could clearly see the villains at the time.,gradient,contradiction,0.97,12194.0,No leader was so clear-eyed about the century's villains.,entailment,True
414,A30HUZHJBOX1LK,Uncertain-Same,35115.0,The leaders could clearly see the bad guys most of the time.,gradient,contradiction,0.97,12194.0,No leader was so clear-eyed about the century's villains.,neutral,True
162,A2EI075XZT9Y2S,Uncertain-Same,6535.0,Muslims want to know the whereabouts of the Temple the Dome of the Rock.,data-slices,contradiction,1.0,12204.0,Muslims revere the sites on the Temple  the Dome of the Rock and El-Aksa Mosque.,neutral,True
162,A2EI075XZT9Y2S,Uncertain-Flip,6536.0,Muslims like to know the whereabouts of the Temple the Dome of the Rock.,data-slices,entailment,1.0,12204.0,Muslims revere the sites on the Temple  the Dome of the Rock and El-Aksa Mosque.,neutral,True
342,A30HUZHJBOX1LK,Uncertain-Flip,35679.0,The left-wing responded by joining together to form an army.,gradient,contradiction,0.99,12385.0,"The left-wing parties re?­spond?­ed by banding together in a Popular Front, which the Socialists led to power in 1936.",neutral,True
84,A2C84POENS2UNY,Uncertain-Flip,65153.0,The references to the first and second volumes and citations to their relevant sections are provided.,content-words,neutral,0.99,12627.0,"Next, references to relevant sections within Volume I and to Volume II are provided.",entailment,True
84,A2C84POENS2UNY,Uncertain-Same,65166.0,The titles of the volumes and citations to their relevant sections are provided.,content-words,entailment,0.99,12627.0,"Next, references to relevant sections within Volume I and to Volume II are provided.",neutral,True
306,A2C84POENS2UNY,Uncertain-Same,36908.0,She didn't think that following Sir James' advice could be done with so much ease.,gradient,contradiction,1.0,12795.0,"It was not so easy to follow Sir James's advice, and put the possible events of the evening out of her head.",entailment,True
408,A30HUZHJBOX1LK,Uncertain-Flip,37617.0,It would be impossible to use the Palais des Papes as a real fortress.,gradient,contradiction,0.97,13021.0,The Palais des Papes is the resulting combination of feudal fortress and opulent palace.,neutral,True
408,A30HUZHJBOX1LK,Uncertain-Flip,37618.0,It would not be possible to use the Palais des Papes as a real fortress.,gradient,contradiction,0.97,13021.0,The Palais des Papes is the resulting combination of feudal fortress and opulent palace.,neutral,True
312,A2C84POENS2UNY,Uncertain-Flip,39152.0,The IOLTA program is both mandatory and necessary in our court 's opinions.,gradient,entailment,1.0,13542.0,"Pursuant to our court rules, participation in the IOLTA program is mandatory.",neutral,True
312,A2C84POENS2UNY,Uncertain-Flip,39153.0,The IOLTA program is both mandatory and necessary in our court opinions.,gradient,entailment,1.0,13542.0,"Pursuant to our court rules, participation in the IOLTA program is mandatory.",neutral,True
351,A30HUZHJBOX1LK,Uncertain-Same,40378.0,I have to put my tomatoes in here as soon as possible.,gradient,contradiction,0.99,13953.0,but then i have to wait for my tomatoes have to go in here in the next couple of weeks,neutral,True
330,A30HUZHJBOX1LK,Uncertain-Same,40804.0,Technology cannot only be used to improve service to clients.,gradient,contradiction,1.0,14093.0,USE OF TECHNOLOGY to improve access and client service delivery.,neutral,True
330,A30HUZHJBOX1LK,Certain-Flip,40809.0,Technology can often be used to improve service to clients.,gradient,entailment,1.0,14093.0,USE OF TECHNOLOGY to improve access and client service delivery.,neutral,True
255,A2EI075XZT9Y2S,Uncertain-Same,7906.0,It might be necessary for Wilson to make a fuss about the unity of knowledge.,data-slices,entailment,0.98,14562.0,The tide has turned so much that one might wonder whether Wilson needs to make such a fuss about the unity of knowledge.,neutral,True
255,A2EI075XZT9Y2S,Uncertain-Flip,7907.0,It will not be necessary for Wilson to make a fuss about the unity of knowledge.,data-slices,contradiction,0.98,14562.0,The tide has turned so much that one might wonder whether Wilson needs to make such a fuss about the unity of knowledge.,neutral,True
255,A2EI075XZT9Y2S,Certain-Flip,7910.0,It might be a good idea for Wilson to make a fuss about the unity of knowledge.,data-slices,contradiction,0.98,14562.0,The tide has turned so much that one might wonder whether Wilson needs to make such a fuss about the unity of knowledge.,neutral,True
360,A2EI075XZT9Y2S,Uncertain-Same,42300.0,The programs were given grants to help immigrants register to vote.,gradient,contradiction,0.99,14600.0,Both programs are recipients of partnership grants to run projects to help Spanish-speaking pro per clients in their respective county courthouses.,neutral,True
261,A2EI075XZT9Y2S,Uncertain-Same,8162.0,it has to be something that has more impact than the individual,data-slices,contradiction,0.97,14942.0,it's so it almost needs to be something that has more impact for the individual on going,neutral,True
261,A2EI075XZT9Y2S,Uncertain-Same,8165.0,it has to be something that affects more than the individual,data-slices,contradiction,0.97,14942.0,it's so it almost needs to be something that has more impact for the individual on going,neutral,True
261,A2EI075XZT9Y2S,Uncertain-Flip,8166.0,it has to be something that affects society as much as the individual,data-slices,neutral,0.97,14942.0,it's so it almost needs to be something that has more impact for the individual on going,contradiction,True
333,A2C84POENS2UNY,Uncertain-Same,44285.0,"Ashkelon has never been verified to possibly be 4,000 years old.",gradient,contradiction,1.0,15206.0,"Ashkelon is a site of great antiquity (perhaps 4,000 years old).",neutral,True
390,A2EI075XZT9Y2S,Uncertain-Flip,44968.0,"People can be really sympathetic to animals, I think.",gradient,neutral,0.98,15453.0,i mean that's what you your going to have to expect that to happen people are just totally unfeeling like uh,contradiction,True
390,A2EI075XZT9Y2S,Uncertain-Flip,44975.0,People can be really sympathetic to animals I think.,gradient,neutral,0.98,15453.0,i mean that's what you your going to have to expect that to happen people are just totally unfeeling like uh,contradiction,True
354,A2EI075XZT9Y2S,Uncertain-Flip,45790.0,"Alterman wants a marriage penalty of $1,002 a year for two earners making $23,350.",gradient,contradiction,0.99,15720.0,"For two earners each making $23,350, Alterman is serendipitously close to the mark when he asserts a marriage penalty of $1,001 a year.",entailment,True
354,A2EI075XZT9Y2S,Uncertain-Same,45801.0,"Alterman wants a marriage penalty of $═ for two earners making $23,350.",gradient,entailment,0.99,15720.0,"For two earners each making $23,350, Alterman is serendipitously close to the mark when he asserts a marriage penalty of $1,001 a year.",neutral,True
216,A30HUZHJBOX1LK,Uncertain-Flip,9424.0,The speaker did not think about their situation.,data-slices,entailment,0.99,17012.0,"It worries me that before I thought too hard about it, I was having a pretty good time.",contradiction,True
384,A2C84POENS2UNY,Uncertain-Same,50249.0,Initiatives haven't been effective to help reach targeted investments.,gradient,contradiction,0.98,17188.0,"Overall, we have implemented the following initiatives and targeted investments, some of which are relatively recent and some of which are 16",neutral,True
384,A2C84POENS2UNY,Uncertain-Same,50252.0,Initiatives haven't been implemented without targeted investments.,gradient,contradiction,0.98,17188.0,"Overall, we have implemented the following initiatives and targeted investments, some of which are relatively recent and some of which are 16",neutral,True
288,A2EI075XZT9Y2S,Uncertain-Same,9635.0,"For me it's. Usually when you're in school, you'll wear sweatpants.",data-slices,entailment,0.95,17454.0,because it's more comfortable for me but you know it's like when you're in school you either wear sweatpants or jeans,neutral,True
288,A2EI075XZT9Y2S,Uncertain-Flip,9640.0,"For me jeans are more comfortable. Usually when you're in school, you'll wear sweatpants.",data-slices,contradiction,0.95,17454.0,because it's more comfortable for me but you know it's like when you're in school you either wear sweatpants or jeans,neutral,True
393,A30HUZHJBOX1LK,Uncertain-Same,52241.0,"He complained about a lot of things, but didn't tell her.",gradient,neutral,0.98,17838.0,He can tell her of something bad that has happened without fearing that she will think he is complaining.,contradiction,True
393,A30HUZHJBOX1LK,Uncertain-Flip,52246.0,He complained about a lot of things to her.,gradient,contradiction,0.98,17838.0,He can tell her of something bad that has happened without fearing that she will think he is complaining.,neutral,True
393,A30HUZHJBOX1LK,Uncertain-Same,52248.0,"He complained about a lot of things, but never said anything to her.",gradient,neutral,0.98,17838.0,He can tell her of something bad that has happened without fearing that she will think he is complaining.,contradiction,True
303,A30HUZHJBOX1LK,Uncertain-Flip,56530.0,Many factors have made it hard for Poland to become capitalist.,gradient,entailment,1.0,19275.0,Poland's road to capitalism and democracy has been a complicated one.,neutral,True
324,A2EI075XZT9Y2S,Uncertain-Flip,58437.0,"Over five years, hospitals have not been required to distribute this statement.",gradient,contradiction,1.0,19899.0,"At present, hospitals are required to distribute a statement entitled An Important Message from Medicare5 to patients at or about the time of admission.",neutral,True
222,A2EI075XZT9Y2S,Uncertain-Same,11013.0,There is only one way to monitor and report emissions.,data-slices,contradiction,0.99,20008.0,"To ensure that the cap is met and to provide credibility, sources also are required to install systems that continuously monitor and report emissions.",neutral,True
363,A2EI075XZT9Y2S,Uncertain-Flip,59139.0,It was a complete shock that Dave had made it.,gradient,neutral,0.99,20128.0,"You're alive!""  Dave was still amazed at that himself.",entailment,True
399,A30HUZHJBOX1LK,Uncertain-Flip,60898.0,People want to learn island dialects from in Balearic culture.,gradient,entailment,0.97,20696.0,With the revival of island dialects has come a renewed interest in Balearic culture.,neutral,True
291,A2EI075XZT9Y2S,Certain-Flip,11422.0,The Legal Aid Bureau helps people become more independent and.,data-slices,entailment,0.95,20749.0,In a society that stresses individual achievement Co where you pull yourself up by your bootstraps Co the Legal Aid Bureau helps those without boots.,neutral,True
327,A2EI075XZT9Y2S,Uncertain-Flip,61333.0,Tuppence was ordered to go to bed and play some more.,gradient,neutral,1.0,20888.0,"So you see you had better go to bed."" Suddenly Tuppence felt afraid.",contradiction,True
327,A2EI075XZT9Y2S,Uncertain-Same,61337.0,Tuppence wanted to stay up and play some more.,gradient,contradiction,1.0,20888.0,"So you see you had better go to bed."" Suddenly Tuppence felt afraid.",neutral,True
444,A30HUZHJBOX1LK,Certain-Same,63550.0,They can sell you extra insurance but you'll have to get your equipment down the road.,gradient,contradiction,0.94,21616.0,They can supply equipment and extra insurance if you need it.,neutral,True
444,A30HUZHJBOX1LK,Uncertain-Same,63551.0,"They can sell you insurance, though you'll have to get your equipment down the road.",gradient,contradiction,0.94,21616.0,They can supply equipment and extra insurance if you need it.,neutral,True
444,A30HUZHJBOX1LK,Uncertain-Same,63552.0,"They can sell you insurance and equipment, but you'll have to get your equipment down the road.",gradient,contradiction,0.94,21616.0,They can supply equipment and extra insurance if you need it.,neutral,True
207,A2EI075XZT9Y2S,Certain-Flip,15665.0,Poblete claims that the reports were lost due to technical difficulties but will soon be released.,data-slices,neutral,1.0,28909.0,Poblete claims that the reports will be posted as soon as Congress resolves technical hurdles.,contradiction,True
207,A2EI075XZT9Y2S,Uncertain-Flip,15669.0,Poblete claims that the reports were lost due to technical difficulties and will soon be released.,data-slices,neutral,1.0,28909.0,Poblete claims that the reports will be posted as soon as Congress resolves technical hurdles.,contradiction,True
207,A2EI075XZT9Y2S,Uncertain-Flip,15670.0,Poblete claims that the reports were lost due to technical difficulties and will be released.,data-slices,neutral,1.0,28909.0,Poblete claims that the reports will be posted as soon as Congress resolves technical hurdles.,contradiction,True
177,A2C84POENS2UNY,Certain-Same,16400.0,"I pull my Jeep with it,.",data-slices,contradiction,1.0,30305.0,i've got a big Oldsmobile that i pull it with when i,neutral,True
177,A2C84POENS2UNY,Uncertain-Same,16401.0,I pull my Jeep with it when I drive my Oldsmobile.,data-slices,contradiction,1.0,30305.0,i've got a big Oldsmobile that i pull it with when i,neutral,True
180,A2C84POENS2UNY,Certain-Flip,18323.0,Clients with high trait anger were less successful with directive interventions.,data-slices,entailment,1.0,33596.0,"Clients with high trait anger, who were therefore likely to resist directive interventions, were more successful with a motivational enhancement intervention.",neutral,True
180,A2C84POENS2UNY,Uncertain-Same,18327.0,Clients with high trait anger were more likely to resist with directive interventions.,data-slices,contradiction,1.0,33596.0,"Clients with high trait anger, who were therefore likely to resist directive interventions, were more successful with a motivational enhancement intervention.",entailment,True
270,A30HUZHJBOX1LK,Uncertain-Flip,18704.0,The influence is less clearly felt at the Villa Nazionale than at Stra.,data-slices,contradiction,0.97,34167.0,"The influence is clear even in the most spectacular of the Brenta villas, at Stra, the opulent Villa Pisani, or Villa Nazionale.",neutral,True
270,A30HUZHJBOX1LK,Uncertain-Flip,18705.0,The influence is less felt at the Villa Nazionale than at Stra.,data-slices,contradiction,0.97,34167.0,"The influence is clear even in the most spectacular of the Brenta villas, at Stra, the opulent Villa Pisani, or Villa Nazionale.",neutral,True
243,A2EI075XZT9Y2S,Uncertain-Flip,19010.0,Government bonds are performing better now than five years ago.,data-slices,contradiction,0.99,34742.0,The stock market historically has a higher rate of return than government bonds do.,neutral,True
243,A2EI075XZT9Y2S,Uncertain-Flip,19012.0,Government bonds are performing better than they did five years ago.,data-slices,contradiction,0.99,34742.0,The stock market historically has a higher rate of return than government bonds do.,neutral,True
168,A2EI075XZT9Y2S,Uncertain-Flip,19027.0,The city bus will take you much farther west than Zion Square.,data-slices,entailment,1.0,34776.0,"Farther west from Zion Square, but still accessible by city bus (routes 9 and 17), are many more points of interest.",neutral,True
168,A2EI075XZT9Y2S,Uncertain-Flip,19028.0,The city bus will take you much further west than Zion Square.,data-slices,entailment,1.0,34776.0,"Farther west from Zion Square, but still accessible by city bus (routes 9 and 17), are many more points of interest.",neutral,True
168,A2EI075XZT9Y2S,Uncertain-Same,19032.0,The city bus will take you even further west than Zion Square.,data-slices,contradiction,1.0,34776.0,"Farther west from Zion Square, but still accessible by city bus (routes 9 and 17), are many more points of interest.",entailment,True
231,A2EI075XZT9Y2S,Uncertain-Same,22952.0,One story says that two lovers were killed by their Families for separating and were buried here.,data-slices,entailment,0.99,42261.0,Another legend claims these are the graves of two lovers who chose death over separation by their powerful families.,contradiction,True
231,A2EI075XZT9Y2S,Certain-Same,22956.0,One story says that two lovers were killed by their families and were buried here.,data-slices,entailment,0.99,42261.0,Another legend claims these are the graves of two lovers who chose death over separation by their powerful families.,neutral,True
198,A30HUZHJBOX1LK,Uncertain-Same,23966.0,I am at all curious about wondering if people have different ideas from the Soviet Union than today.,data-slices,contradiction,1.0,44014.0,right um i wonder i wonder if now the people in the Soviet Union don't have ideas very different from that so at least,neutral,True
198,A30HUZHJBOX1LK,Uncertain-Flip,23974.0,"I am not at all sure, but I am wondering if people have different ideas from the Soviet Union than today.",data-slices,neutral,1.0,44014.0,right um i wonder i wonder if now the people in the Soviet Union don't have ideas very different from that so at least,entailment,True
198,A30HUZHJBOX1LK,Uncertain-Flip,23976.0,I am not sure about wondering if people have different ideas from the Soviet Union than today.,data-slices,entailment,1.0,44014.0,right um i wonder i wonder if now the people in the Soviet Union don't have ideas very different from that so at least,neutral,True
165,A2EI075XZT9Y2S,Uncertain-Flip,26758.0,We have set deadlines and time limits for the members.,data-slices,entailment,1.0,49170.0,members by permitting them to set their own schedules and deadlines.,contradiction,True
276,A30HUZHJBOX1LK,Uncertain-Same,26927.0,Both companies use a lot of the same components as eachother.,data-slices,entailment,0.96,49615.0,"The new company may also benefit from merging warehousing and inventory management, and ideally there will be joint production of components that both companies use.",neutral,True
276,A30HUZHJBOX1LK,Uncertain-Flip,26931.0,Both companies will use the same components as eachother.,data-slices,neutral,0.96,49615.0,"The new company may also benefit from merging warehousing and inventory management, and ideally there will be joint production of components that both companies use.",entailment,True
225,A30HUZHJBOX1LK,Uncertain-Flip,26933.0,People preferred to send personal mail rather than make phone calls in 1997.,data-slices,contradiction,0.99,49617.0,"For example, the first number in Column (11) shows that, between 1993 and 1997, personal mail volume declined by 2.0 percent annually.",neutral,True
267,A30HUZHJBOX1LK,Certain-Flip,27518.0,There would be almost all the broadway shows without gay people.,data-slices,contradiction,0.97,50737.0,"(If it weren't for gay people, there would be no Lion King --or much else on the all-American cultural front.)",neutral,True
279,A2C84POENS2UNY,Uncertain-Flip,27970.0,"Before he turned his head, he had been listening.",data-slices,entailment,0.96,51456.0,"His head turned, his attitude now one of listening concentration.",neutral,True
171,A2EI075XZT9Y2S,Uncertain-Flip,28878.0,They were supposed to be on a fiscal calendar.,data-slices,contradiction,1.0,53012.0,"Note 2: In our work, all CBO budget projections were converted from a fiscal year to a calendar year basis.",neutral,True
171,A2EI075XZT9Y2S,Uncertain-Flip,28880.0,They were happy for the projections to be on a fiscal calendar.,data-slices,contradiction,1.0,53012.0,"Note 2: In our work, all CBO budget projections were converted from a fiscal year to a calendar year basis.",neutral,True
246,A2EI075XZT9Y2S,Uncertain-Same,29166.0,"Ca'daan said that they both knew of the weakness of their foe, and words need not be wasted on acknowledging it.",data-slices,contradiction,0.98,53607.0,"I had seen what they could do to men,"" From behind him, Ca'daan could feel Thorn stiffen.",neutral,True
246,A2EI075XZT9Y2S,Certain-Same,29169.0,"Ca'daan said nothing; they both knew of the weakness of their foe, and words need to not be wasted on acknowledging it.",data-slices,contradiction,0.98,53607.0,"I had seen what they could do to men,"" From behind him, Ca'daan could feel Thorn stiffen.",neutral,True
282,A2EI075XZT9Y2S,Uncertain-Same,29255.0,"If you will walk west from Shinobazu Pond, you will go to the Whisperer's Forest.",data-slices,contradiction,0.96,53815.0,"From here, it's a short walk west to the grounds of Shinobazu Pond.",neutral,True
153,A2EI075XZT9Y2S,Uncertain-Same,29572.0,Findings of interest are identified before case studies are done.,data-slices,contradiction,1.0,54375.0,"After identifying the findings of particular interest, case studies would be conducted in sites selected to maximize the ability to get the specific understanding required.",entailment,True
153,A2EI075XZT9Y2S,Uncertain-Same,29574.0,Findings of particular interest should be identified before case studies are done.,data-slices,contradiction,1.0,54375.0,"After identifying the findings of particular interest, case studies would be conducted in sites selected to maximize the ability to get the specific understanding required.",entailment,True
240,A30HUZHJBOX1LK,Uncertain-Flip,30311.0,ounce pieces of mail could be shipped cheaply by private carriers.,data-slices,contradiction,0.99,55826.0,"23 Competitors understand clearly that 15-ounce pieces of saturation mail can be carried privately for less than Standard-A rates, while 4-ounce pieces cannot.",neutral,True
240,A30HUZHJBOX1LK,Certain-Same,30312.0,ounce pieces of mail could be shipped for less than 4-ounce by private carriers.,data-slices,entailment,0.99,55826.0,"23 Competitors understand clearly that 15-ounce pieces of saturation mail can be carried privately for less than Standard-A rates, while 4-ounce pieces cannot.",neutral,True
240,A30HUZHJBOX1LK,Uncertain-Flip,30313.0,ounce pieces of mail could be carried cheaply by private carriers.,data-slices,contradiction,0.99,55826.0,"23 Competitors understand clearly that 15-ounce pieces of saturation mail can be carried privately for less than Standard-A rates, while 4-ounce pieces cannot.",neutral,True
240,A30HUZHJBOX1LK,Uncertain-Same,30316.0,ounce pieces of mail could be carried for less by private carriers.,data-slices,entailment,0.99,55826.0,"23 Competitors understand clearly that 15-ounce pieces of saturation mail can be carried privately for less than Standard-A rates, while 4-ounce pieces cannot.",neutral,True
159,A30HUZHJBOX1LK,Uncertain-Flip,32223.0,Styles Court was not all owned by Mr. Cavendish.,data-slices,neutral,1.0,59229.0,"Their country-place, Styles Court, had been purchased by Mr. Cavendish early in their married life. ",contradiction,True
159,A30HUZHJBOX1LK,Certain-Same,32226.0,Styles Court was no longer at all owned by Mr. Cavendish.,data-slices,contradiction,1.0,59229.0,"Their country-place, Styles Court, had been purchased by Mr. Cavendish early in their married life. ",neutral,True
186,A2C84POENS2UNY,Uncertain-Same,32688.0,Intake practices were phenomenal and more steps were need to help it improve.,data-slices,contradiction,1.0,60153.0,"In 2002, we took the steps to encourage their growth and improvement through a program letter outlining what we believe to be model intake practices.",neutral,True
186,A2C84POENS2UNY,Certain-Same,32693.0,Intake practices were phenomenal and more changes were need to help it improve.,data-slices,contradiction,1.0,60153.0,"In 2002, we took the steps to encourage their growth and improvement through a program letter outlining what we believe to be model intake practices.",neutral,True
285,A30HUZHJBOX1LK,Uncertain-Flip,35291.0,We need to assess the risk of people leaving their jobs.,data-slices,contradiction,0.96,65256.0,"This requires determining which laws, regulations, and other compliance requirements are significant to the audit objectives and assessing the risk that significant noncompliance could occur.",neutral,True
285,A30HUZHJBOX1LK,Uncertain-Flip,35292.0,We need to assess the risk of people quitting their jobs.,data-slices,contradiction,0.96,65256.0,"This requires determining which laws, regulations, and other compliance requirements are significant to the audit objectives and assessing the risk that significant noncompliance could occur.",neutral,True
285,A30HUZHJBOX1LK,Uncertain-Same,35294.0,We need to assess the risk of people just not doing their jobs.,data-slices,entailment,0.96,65256.0,"This requires determining which laws, regulations, and other compliance requirements are significant to the audit objectives and assessing the risk that significant noncompliance could occur.",neutral,True
249,A2EI075XZT9Y2S,Uncertain-Flip,35412.0,They're bragging because they don't seem to have any damage at all.,data-slices,entailment,0.98,65448.0,"They don't seem to have the damage they claim they have, and they're bragging about it.",contradiction,True
273,A2C84POENS2UNY,Uncertain-Same,37294.0,Courts inquire into validity of cases that cannot be pursued.,data-slices,neutral,0.96,68991.0,"It is not the mandated, nondistortable function of the courts to inquire into all serious questions of statutory validity in all cases.",contradiction,True
192,A2C84POENS2UNY,Uncertain-Flip,38255.0,The Covered Market is better than the one in Istanbul.,data-slices,neutral,1.0,70716.0,"Beyond the caravanserai is the town's Covered Market, which is as interesting to explore as Istanbul's.",contradiction,True
237,A2EI075XZT9Y2S,Uncertain-Same,39520.0,We try and get donations in certain locations.,data-slices,entailment,0.99,73132.0,We do not solicit donations in locations where we have not received written confirmation of compliance.,neutral,True
228,A2EI075XZT9Y2S,Uncertain-Same,39879.0,"Microsoft has a big share of the market, but has very few critics despite this fact.",data-slices,contradiction,0.99,73740.0,Microsoft's critics point out that Windows has 90 percent of the OS market.,neutral,True
228,A2EI075XZT9Y2S,Certain-Flip,39884.0,"Microsoft has a big share of the market, but has been criticized for this fact.",data-slices,entailment,0.99,73740.0,Microsoft's critics point out that Windows has 90 percent of the OS market.,neutral,True
195,A2EI075XZT9Y2S,Uncertain-Same,40473.0,The pirates were at port and chose to patrols patrol the ocean.,data-slices,contradiction,1.0,74881.0,He also had orang laut pirates patrolling the seas to extort tribute from passing ships.,neutral,True
195,A2EI075XZT9Y2S,Uncertain-Same,40475.0,The pirates were at port and were paid to patrol the ocean.,data-slices,contradiction,1.0,74881.0,He also had orang laut pirates patrolling the seas to extort tribute from passing ships.,neutral,True
252,A2C84POENS2UNY,Uncertain-Flip,41772.0,German told the redhead the linemen would not catch him there.,data-slices,neutral,0.98,77492.0,German agreed but told the redhead he'd better get out of there when the linemen came out.,contradiction,True
252,A2C84POENS2UNY,Certain-Flip,41775.0,German told the redhead that the linemen would not catch him there.,data-slices,neutral,0.98,77492.0,German agreed but told the redhead he'd better get out of there when the linemen came out.,contradiction,True
252,A2C84POENS2UNY,Uncertain-Same,41776.0,German told the redhead the linemen better get out of there.,data-slices,entailment,0.98,77492.0,German agreed but told the redhead he'd better get out of there when the linemen came out.,contradiction,True
252,A2C84POENS2UNY,Certain-Flip,41777.0,German told the redhead the linemen might not catch him there.,data-slices,neutral,0.98,77492.0,German agreed but told the redhead he'd better get out of there when the linemen came out.,contradiction,True
258,A30HUZHJBOX1LK,Uncertain-Flip,42252.0,Grover Cleveland admitted to having a child with a woman he used to be married to.,data-slices,neutral,0.98,78385.0,"In 1884, a Victorian electorate shrugged off Grover Cleveland's confessed paternity of an out-of-wedlock son.",contradiction,True
258,A30HUZHJBOX1LK,Uncertain-Same,42254.0,Grover Cleveland admitted to having a child with a woman he was.,data-slices,entailment,0.98,78385.0,"In 1884, a Victorian electorate shrugged off Grover Cleveland's confessed paternity of an out-of-wedlock son.",neutral,True
174,A30HUZHJBOX1LK,Uncertain-Flip,44323.0,I know they will be able to review the transcript.,data-slices,neutral,1.0,82142.0,and maybe they can ask for a review of the transcript,contradiction,True
174,A30HUZHJBOX1LK,Uncertain-Same,44324.0,I know they will ask for someone to review the transcript.,data-slices,contradiction,1.0,82142.0,and maybe they can ask for a review of the transcript,neutral,True
264,A2EI075XZT9Y2S,Uncertain-Flip,48583.0,Nepal had no distinct borders when the treaty was signed.,data-slices,contradiction,0.97,89635.0,The peace treaty signed at Segauli established Nepal's borders pretty much as they are today.,neutral,True
219,A2C84POENS2UNY,Certain-Same,50947.0,It will take a very long time after issuance or release for the GAO to send out copies of its reports.,data-slices,contradiction,0.99,93689.0,GAO will provide electronic copies of reports to agencies upon issuance or release.,neutral,True
219,A2C84POENS2UNY,Uncertain-Same,50950.0,It will take a very long period for the GAO to send out copies of its reports.,data-slices,contradiction,0.99,93689.0,GAO will provide electronic copies of reports to agencies upon issuance or release.,neutral,True
234,A2EI075XZT9Y2S,Uncertain-Same,53875.0,Employees at higher levels of experience participate in improving operations performance.,data-slices,neutral,0.99,99411.0,Employees at all levels of high-performing organizations participate in--and have a stake in--improving operational and program performance to achieve results.,entailment,True
234,A2EI075XZT9Y2S,Uncertain-Same,53877.0,Employees at higher levels of experience have a stake in improving operations performance.,data-slices,neutral,0.99,99411.0,Employees at all levels of high-performing organizations participate in--and have a stake in--improving operational and program performance to achieve results.,entailment,True
