,premID,premise,mask-typ,hypoID,hypothesis,response,Worker
90,155.0,And the collection process involves judgment calls of promising leads and the meaning of initial information.,gradient,248.0,The collection process does involve judgment calls of promising leads.,entailment,ASVRLMDNQBUD9
93,155.0,And the collection process involves judgment calls of promising leads and the meaning of initial information.,content-words,249.0,The collection process does not involve judgment calls of poor leads.,neutral,A2EAJ7834XI2IT
84,155.0,And the collection process involves judgment calls of promising leads and the meaning of initial information.,data-slices,250.0,The collection process does not always involve judgment calls of promising leads.,contradiction,AYHK8DTZONHKC
87,155.0,And the collection process involves judgment calls of promising leads and the meaning of initial information.,original,251.0,The collection process does not involve judgment calls of promising leads.,contradiction,A26NGLGGFTATVN
129,233.0,"But you shall pay for it oh, yes, you shall pay for it! ",gradient,324.0,There will be no doubt that you will pay for what you have done.,entailment,A1ZT30BGR3266K
120,233.0,"But you shall pay for it oh, yes, you shall pay for it! ",content-words,325.0,There will be consequences for what you have done.,entailment,A3V2XCDF45VN9X
123,233.0,"But you shall pay for it oh, yes, you shall pay for it! ",data-slices,326.0,There will be consequences for what you have done.,entailment,A37STRL9Z7ZDSD
126,233.0,"But you shall pay for it oh, yes, you shall pay for it! ",original,327.0,There will be no consequences for what you have done.,contradiction,A2SD7GN80U31GW
213,364.0,"The nearby Omura-san Park has 3,000 cherry trees, with different varieties blooming at different times of year.",gradient,548.0,"The Omura-san Park is open to all plant life, including trees.",neutral,A31681CCEVDIH3
204,364.0,"The nearby Omura-san Park has 3,000 cherry trees, with different varieties blooming at different times of year.",content-words,549.0,The Omura-san Park is devoid of all plant life other than cherry trees.,contradiction,ACJ6NSCIWMUZI
207,364.0,"The nearby Omura-san Park has 3,000 cherry trees, with different varieties blooming at different times of year.",data-slices,550.0,"The Omura-san Park is home to a lot of plant life, including trees.",neutral,A3I9XLIHPPWPN1
210,364.0,"The nearby Omura-san Park has 3,000 cherry trees, with different varieties blooming at different times of year.",original,551.0,"The Omura-san Park is devoid of all plant life, including trees. ",contradiction,A2D62KZUMKIA8K
6,516.0,Others blame Republicans for muting substantive conservative issues such as education reform in a misguided wager that the Lewinsky scandal would bring conservative voters to the polls.,gradient,8.0,Others say Republicans tried to stop discussion about some conservative topics in order to avoid conflict.,contradiction,A9ZBEA4T2FNZ3
9,516.0,Others blame Republicans for muting substantive conservative issues such as education reform in a misguided wager that the Lewinsky scandal would bring conservative voters to the polls.,content-words,9.0,Others say Republicans tried to stop discussion about some conservative issues in order to avoid a scandal.,contradiction,AFU00NU09CFXE
0,516.0,Others blame Republicans for muting substantive conservative issues such as education reform in a misguided wager that the Lewinsky scandal would bring conservative voters to the polls.,data-slices,10.0,Others say Republicans tried to stop discussion about conservative issues in order to avoid conflict.,neutral,A17LF7GCAFYMSL
3,516.0,Others blame Republicans for muting substantive conservative issues such as education reform in a misguided wager that the Lewinsky scandal would bring conservative voters to the polls.,original,11.0,Others say Republicans tried to stop discussion about some conservative issues in order to avoid conflict.,neutral,A2XJH3WC02RMXQ
198,872.0,that's the biggest killer there is i think they should do both of them,gradient,536.0,I think that doing both of them would be more effective.,entailment,ACJ12KIXGZZFH
201,872.0,that's the biggest killer there is i think they should do both of them,content-words,537.0,I think that doing both of them will be more beneficial to them.,neutral,A147F5PJTHOB8A
192,872.0,that's the biggest killer there is i think they should do both of them,data-slices,538.0,I think that doing both of them will be effective.,neutral,AQORJW4W8U9YU
195,872.0,that's the biggest killer there is i think they should do both of them,original,539.0,I think that doing both of them will be more effective.,entailment,A3CE0SWITZK3UD
207,883.0,Britain's Poet Laureate Andrew Motion has dubbed Bob Dylan's Visions of Johanna the best song lyrics ever written.,gradient,572.0,Andrew Motion has no doubt that Bob Dylan's song lyrics are the best ever.,neutral,A3I9XLIHPPWPN1
210,883.0,Britain's Poet Laureate Andrew Motion has dubbed Bob Dylan's Visions of Johanna the best song lyrics ever written.,content-words,573.0,Andrew Motion has no opinion on which song lyrics are the greatest ever.,contradiction,A2D62KZUMKIA8K
213,883.0,Britain's Poet Laureate Andrew Motion has dubbed Bob Dylan's Visions of Johanna the best song lyrics ever written.,data-slices,574.0,Andrew Motion has a strong opinion on which song lyrics are the best ever.,entailment,A31681CCEVDIH3
204,883.0,Britain's Poet Laureate Andrew Motion has dubbed Bob Dylan's Visions of Johanna the best song lyrics ever written.,original,575.0,Andrew Motion has no opinion on which song lyrics are the best ever.,contradiction,ACJ6NSCIWMUZI
231,934.0,Chickens run in and out of doorways and often may be seen peering out from roosts on the second floor of houses.,gradient,620.0,"Chickens can't climb stairs so while they run in and out of doors, they are stuck on the second floor.",neutral,A1DS5O8MSI3ZH0
234,934.0,Chickens run in and out of doorways and often may be seen peering out from roosts on the second floor of houses.,content-words,621.0,"Chickens cannot climb stairs so while they run in and out of doors, they are stuck on the first floor.",contradiction,AKQAI78JTXXC9
237,934.0,Chickens run in and out of doorways and often may be seen peering out from roosts on the second floor of houses.,data-slices,622.0,"Chickens can't climb stairs so while they run in and out of doors, they are stuck on the second floor.",neutral,A1F1BIPJR11LSR
228,934.0,Chickens run in and out of doorways and often may be seen peering out from roosts on the second floor of houses.,original,623.0,"Chickens cannot climb stairs so while they run in and out of doors, they are stuck on the second floor.",neutral,A2SD7GN80U31GW
240,956.0,"While virtually every tourist shop displays wicker items, Cafe Relegio (Largo da Achada, Camacha; Tel. 291/922 114) wins for sheer volume.",gradient,656.0,There are no tourist shops that do not show wicker items on their displays.,neutral,A2SD7GN80U31GW
243,956.0,"While virtually every tourist shop displays wicker items, Cafe Relegio (Largo da Achada, Camacha; Tel. 291/922 114) wins for sheer volume.",content-words,657.0,There are no tourist shops that show less volume in their displays.,contradiction,A2PDEHYI2M81EC
246,956.0,"While virtually every tourist shop displays wicker items, Cafe Relegio (Largo da Achada, Camacha; Tel. 291/922 114) wins for sheer volume.",data-slices,658.0,There are several tourist shops that show wicker items on their displays.,entailment,A2NHFSO7GMM8QR
249,956.0,"While virtually every tourist shop displays wicker items, Cafe Relegio (Largo da Achada, Camacha; Tel. 291/922 114) wins for sheer volume.",original,659.0,There are no tourist shops that show wicker items on their displays.,contradiction,AKQAI78JTXXC9
261,964.0,well of course being raised on the water i'd never swim in it,gradient,676.0,I was raised on water and never had the chance to learn how to swim.,entailment,A1F1BIPJR11LSR
252,964.0,well of course being raised on the water i'd never swim in it,content-words,677.0,I've never had the opportunity to learn how to swim.,neutral,A1PBFDQR599N3K
255,964.0,well of course being raised on the water i'd never swim in it,data-slices,678.0,I've never been given the chance to learn how to swim.,neutral,AV22FQTJNBUZT
258,964.0,well of course being raised on the water i'd never swim in it,original,679.0,I've never had the chance to learn how to swim.,neutral,AV22FQTJNBUZT
258,966.0,"One example of a case we recently handled was over in Springfield, Alexander said. ",gradient,680.0,They were more than happy to take on the case.,neutral,AV22FQTJNBUZT
261,966.0,"One example of a case we recently handled was over in Springfield, Alexander said. ",content-words,681.0,They were happy to take on the case.,contradiction,A1F1BIPJR11LSR
252,966.0,"One example of a case we recently handled was over in Springfield, Alexander said. ",data-slices,682.0,Alexander was more than willing to take on the case.,contradiction,A1PBFDQR599N3K
255,966.0,"One example of a case we recently handled was over in Springfield, Alexander said. ",original,683.0,They were more than willing to take on the case.,neutral,AV22FQTJNBUZT
255,970.0,This initiative permits LSC to distribute grant award letters electronically from a secure website.,gradient,700.0,Grant award letters cannot be distributed in more than one way.,neutral,AV22FQTJNBUZT
258,970.0,This initiative permits LSC to distribute grant award letters electronically from a secure website.,content-words,701.0,Grant award letters can't be distributed in more than one way.,neutral,AV22FQTJNBUZT
261,970.0,This initiative permits LSC to distribute grant award letters electronically from a secure website.,data-slices,702.0,Grant award letters can be distributed in only one way.,neutral,A1F1BIPJR11LSR
252,970.0,This initiative permits LSC to distribute grant award letters electronically from a secure website.,original,703.0,Grant award letters can be distributed in more than one way.,contradiction,A1PBFDQR599N3K
57,1117.0,These are the ideals I used when I was in private practice.,gradient,148.0,I do not like being in private practice at all.,contradiction,A25KM5DM1Z09ZN
48,1117.0,These are the ideals I used when I was in private practice.,content-words,149.0,I did not like being in private practices at all.,contradiction,A1G452MFAS690B
51,1117.0,These are the ideals I used when I was in private practice.,data-slices,150.0,I did not really like being in private practice at all.,neutral,AKQAI78JTXXC9
54,1117.0,These are the ideals I used when I was in private practice.,original,151.0,I did not like being in private practice at all.,neutral,A1PAY3X73PQ16S
168,1344.0,"Swimming, waterskiing, windsurfing, and sailing are all available on the lake as are boat cruises.",gradient,464.0,There is no fun not to be had on the lake.,entailment,A3TJ2AMFKJGXL4
171,1344.0,"Swimming, waterskiing, windsurfing, and sailing are all available on the lake as are boat cruises.",content-words,465.0,There is a lot of fun to be had on the lake.,entailment,A34CPKFZXBX1PO
174,1344.0,"Swimming, waterskiing, windsurfing, and sailing are all available on the lake as are boat cruises.",data-slices,466.0,There is much fun to be had on the lake.,neutral,AC0BP4IGV99MS
177,1344.0,"Swimming, waterskiing, windsurfing, and sailing are all available on the lake as are boat cruises.",original,467.0,There is no fun to be had on the lake.,contradiction,A3RYI5HXC2MJLN
204,1386.0,It is unlikely that cream skimmers would base their selection of areas to serve on the Postal Service's delivery profits.,gradient,544.0,The postal service's delivery profits are not important to cream skimmers.,entailment,ACJ6NSCIWMUZI
207,1386.0,It is unlikely that cream skimmers would base their selection of areas to serve on the Postal Service's delivery profits.,content-words,545.0,The postal service's profits are not important for cream skimmers.,entailment,A3I9XLIHPPWPN1
210,1386.0,It is unlikely that cream skimmers would base their selection of areas to serve on the Postal Service's delivery profits.,data-slices,546.0,The postal service's profits are not very important to cream skimmers.,entailment,A2D62KZUMKIA8K
213,1386.0,It is unlikely that cream skimmers would base their selection of areas to serve on the Postal Service's delivery profits.,original,547.0,The postal service's profits are not important to cream skimmers.,entailment,A31681CCEVDIH3
210,1388.0,He wants to find the secret rational formula that will connect movie costs to movie revenues.,gradient,552.0,He has a vested interest in finding the secret rational formula that connects movie cost to movie revenues.,entailment,A2D62KZUMKIA8K
213,1388.0,He wants to find the secret rational formula that will connect movie costs to movie revenues.,content-words,553.0,He has a vested interest in finding the secret rational formula that connects movie cost to movie revenues.,entailment,A31681CCEVDIH3
204,1388.0,He wants to find the secret rational formula that will connect movie costs to movie revenues.,data-slices,554.0,He has a vested interest in finding the secret rational formula that connects movie cost to movie revenues.,neutral,ACJ6NSCIWMUZI
207,1388.0,He wants to find the secret rational formula that will connect movie costs to movie revenues.,original,555.0,He has no interest in finding the secret rational formula that connects movie cost to movie revenues.,contradiction,A3I9XLIHPPWPN1
0,1541.0,"The second, more important answer is that analysts are crucial contributors to short-term thinking.",gradient,16.0,The most important answer was that the analysts were crucial contributors to short-term thinking.,contradiction,A17LF7GCAFYMSL
3,1541.0,"The second, more important answer is that analysts are crucial contributors to short-term thinking.",content-words,17.0,The most important answer was that the analysts were crucial contributors to short-term thinking.,neutral,A2XJH3WC02RMXQ
6,1541.0,"The second, more important answer is that analysts are crucial contributors to short-term thinking.",data-slices,18.0,"The second, more important answer was that the analysts were crucial contributors to short-term thinking.",entailment,A9ZBEA4T2FNZ3
9,1541.0,"The second, more important answer is that analysts are crucial contributors to short-term thinking.",original,19.0,The more important answer was that the analysts were crucial contributors to short-term thinking.,entailment,AFU00NU09CFXE
12,1563.0,There was therefore no means of destroying a thick document such as a will.,gradient,32.0,A fire could not have completely destroyed a will as thick as that.,entailment,A29AKJXQ248KNK
15,1563.0,There was therefore no means of destroying a thick document such as a will.,content-words,33.0,Even they could not have completely destroyed a will as thick as that.,entailment,A3AK3UL0UCNVKE
18,1563.0,There was therefore no means of destroying a thick document such as a will.,data-slices,34.0,Even a fire could have completely destroyed a will as thick as that.,contradiction,A2YOVBJ9EXAI8W
21,1563.0,There was therefore no means of destroying a thick document such as a will.,original,35.0,Even a fire could not have completely destroyed a will as thick as that.,entailment,A2XYDJS33I2341
111,1747.0,"If there's no power, what are those lights?  ""Witch lights, they told us,"" the man explained.",gradient,300.0,"If there is power out, why are the lights not turning on.",contradiction,A2LR8E4O0FY66O
114,1747.0,"If there's no power, what are those lights?  ""Witch lights, they told us,"" the man explained.",content-words,301.0,"If there is power, why are the lamps not turning on.",neutral,A2YOVBJ9EXAI8W
117,1747.0,"If there's no power, what are those lights?  ""Witch lights, they told us,"" the man explained.",data-slices,302.0,"If there is power, why are the lights not on.",neutral,A5BVUW06ZQ6D3
108,1747.0,"If there's no power, what are those lights?  ""Witch lights, they told us,"" the man explained.",original,303.0,"If there is power, why are the lights not turning on.",neutral,AYZX9T7RBX3ZP
246,1985.0,The groves of bamboo also created places where slaves would congregate without being seen by their colonial masters.,gradient,664.0,There were no places where the slaves would be locked up.,neutral,A2NHFSO7GMM8QR
249,1985.0,The groves of bamboo also created places where slaves would congregate without being seen by their colonial masters.,content-words,665.0,There were no other places where the slaves could meet up.,neutral,AKQAI78JTXXC9
240,1985.0,The groves of bamboo also created places where slaves would congregate without being seen by their colonial masters.,data-slices,666.0,There were places where the slaves could meet up.,entailment,A2SD7GN80U31GW
243,1985.0,The groves of bamboo also created places where slaves would congregate without being seen by their colonial masters.,original,667.0,There were no places where the slaves could meet up.,contradiction,A2PDEHYI2M81EC
27,2103.0,Funding allocations reflect the high priority that programs place on aggressive discrimination-based advocacy and attaining diversity goals.,gradient,76.0,There is a need to spend money on diversity.,entailment,A3SLISG1IED7TZ
30,2103.0,Funding allocations reflect the high priority that programs place on aggressive discrimination-based advocacy and attaining diversity goals.,content-words,77.0,There is a need to spend more funds on diversity.,neutral,A1D9ZWU1M46SAF
33,2103.0,Funding allocations reflect the high priority that programs place on aggressive discrimination-based advocacy and attaining diversity goals.,data-slices,78.0,There is a need to spend more on diversity.,entailment,A2T11H7YI7QPGD
24,2103.0,Funding allocations reflect the high priority that programs place on aggressive discrimination-based advocacy and attaining diversity goals.,original,79.0,There is a need to spend more money on diversity.,contradiction,A2XJH3WC02RMXQ
90,2199.0,well if we all try a little bit a little bit goes a long way you know,gradient,232.0,"Making an attempt, no matter how small, is useful.",entailment,ASVRLMDNQBUD9
93,2199.0,well if we all try a little bit a little bit goes a long way you know,content-words,233.0,"Making an effort, no matter how little, is useful.",entailment,A2EAJ7834XI2IT
84,2199.0,well if we all try a little bit a little bit goes a long way you know,data-slices,234.0,"Making an attempt, no matter how small, is useful.",entailment,AYHK8DTZONHKC
87,2199.0,well if we all try a little bit a little bit goes a long way you know,original,235.0,"Making an effort, no matter how small, is useful.",entailment,A26NGLGGFTATVN
105,2225.0,"Education, training, and R and D also can potentially increase output; in this simplified flow chart, these would influence total factor",gradient,276.0,Education and Training are the least influential factors of all.,contradiction,A9HQ3E0F2AGVO
96,2225.0,"Education, training, and R and D also can potentially increase output; in this simplified flow chart, these would influence total factor",content-words,277.0,Education and Training are the least important factors of all.,contradiction,ATKLWAX72HM7A
99,2225.0,"Education, training, and R and D also can potentially increase output; in this simplified flow chart, these would influence total factor",data-slices,278.0,Education and Training are the most influential factors.,neutral,A365SN61J4UNGR
102,2225.0,"Education, training, and R and D also can potentially increase output; in this simplified flow chart, these would influence total factor",original,279.0,Education and Training are the most influential factors of all.,neutral,AAPRQ5DHT6X2R
120,2289.0,"If you want to look at the actual menu and see what else is offered, then you should ask for  la carta.  ",gradient,336.0,There is no other way to ask for a physical menu to look at.,contradiction,A3V2XCDF45VN9X
123,2289.0,"If you want to look at the actual menu and see what else is offered, then you should ask for  la carta.  ",content-words,337.0,There is no way to ask for a menu to look at.,contradiction,A37STRL9Z7ZDSD
126,2289.0,"If you want to look at the actual menu and see what else is offered, then you should ask for  la carta.  ",data-slices,338.0,There is only one way to ask for a physical menu to look at.,neutral,A2SD7GN80U31GW
129,2289.0,"If you want to look at the actual menu and see what else is offered, then you should ask for  la carta.  ",original,339.0,There is no way to ask for a physical menu to look at.,contradiction,A1ZT30BGR3266K
129,2294.0,They know that they can play it and auction it off right away online when its value is still quite high.,gradient,340.0,They aren't able to sell it unless they play it.,neutral,A1ZT30BGR3266K
120,2294.0,They know that they can play it and auction it off right away online when its value is still quite high.,content-words,341.0,They aren't worried about losing it after they play it.,neutral,A3V2XCDF45VN9X
123,2294.0,They know that they can play it and auction it off right away online when its value is still quite high.,data-slices,342.0,They aren't able to sell it unless they play it.,entailment,A37STRL9Z7ZDSD
126,2294.0,They know that they can play it and auction it off right away online when its value is still quite high.,original,343.0,They aren't able to sell it after they play it.,contradiction,A2SD7GN80U31GW
132,2298.0,"The mills in North Carolina exist because textile capital migrated from the Northeast in pursuit of low wages, no unions, and cheaper materials.",gradient,352.0,North Carolina has mills because the textile companies moved from the Northeast because there were better jobs to be had there.,neutral,A8WLCSZLNZ8BL
135,2298.0,"The mills in North Carolina exist because textile capital migrated from the Northeast in pursuit of low wages, no unions, and cheaper materials.",content-words,353.0,North Carolina has no mills because the textile companies moved from the Northeast because there were better things to be had there.,entailment,AIY8KHG5LEXNY
138,2298.0,"The mills in North Carolina exist because textile capital migrated from the Northeast in pursuit of low wages, no unions, and cheaper materials.",data-slices,354.0,North Carolina has mills because the textile companies moved from the Northeast because there were good things to be had there.,entailment,A3RYI5HXC2MJLN
141,2298.0,"The mills in North Carolina exist because textile capital migrated from the Northeast in pursuit of low wages, no unions, and cheaper materials.",original,355.0,North Carolina has mills because the textile companies moved from the Northeast because there were better things to be had there.,entailment,A12FTSX85NQ8N9
147,2334.0,i think also because they done took some of the pressure off of him,gradient,412.0,Things got easier because they stopped pressuring him so much.,entailment,A2YOVBJ9EXAI8W
150,2334.0,i think also because they done took some of the pressure off of him,content-words,413.0,Things got better for him once they stopped pressuring him so much.,neutral,A9HQ3E0F2AGVO
153,2334.0,i think also because they done took some of the pressure off of him,data-slices,414.0,Things got better for him once they stopped pressuring him so much.,entailment,A2EZVULYVJOPNO
144,2334.0,i think also because they done took some of the pressure off of him,original,415.0,Things got better once they stopped pressuring him so much.,entailment,A1PZIN8H1VI6SY
162,2351.0,A typical newspaper in the U.S. has less than 50 percent coverage in its service area.,gradient,440.0,A newspaper in the US usually has more than 50 percent of their coverage in the service area because of cable TV.,contradiction,A1F1BIPJR11LSR
165,2351.0,A typical newspaper in the U.S. has less than 50 percent coverage in its service area.,content-words,441.0,A newspaper in the US usually has more than 50 percent of their coverage in the service area because of cable TV.,contradiction,AVIEE6LDH0BT5
156,2351.0,A typical newspaper in the U.S. has less than 50 percent coverage in its service area.,data-slices,442.0,A newspaper in the US usually has more than half their coverage in the service area because of cable TV.,contradiction,AKQAI78JTXXC9
159,2351.0,A typical newspaper in the U.S. has less than 50 percent coverage in its service area.,original,443.0,A newspaper in the US usually has less than half their coverage in the service area because of cable TV.,entailment,A1ZT30BGR3266K
159,2352.0,95 packages of drug-free urine in their pockets.,gradient,444.0,Pockets are required to house all 95 single-serve units of clean urine between the carriers of the products.,entailment,A1ZT30BGR3266K
162,2352.0,95 packages of drug-free urine in their pockets.,content-words,445.0,Pockets were required to house all 95 single-serve units of urine between the carriers of the products.,neutral,A1F1BIPJR11LSR
165,2352.0,95 packages of drug-free urine in their pockets.,data-slices,446.0,Pockets were required to house 95 single-serve units of clean urine between the carriers of the products.,neutral,AVIEE6LDH0BT5
156,2352.0,95 packages of drug-free urine in their pockets.,original,447.0,Pockets were required to house all 95 single-serve units of clean urine between the carriers of the products.,neutral,AKQAI78JTXXC9
3,2564.0,All centers are affiliated with one of the major certifying bodies,gradient,12.0,There are a few centers that are unconnected to major certifying bodies.,contradiction,A2XJH3WC02RMXQ
6,2564.0,All centers are affiliated with one of the major certifying bodies,content-words,13.0,There are a few centers that are unconnected to major certifying bodies.,contradiction,A9ZBEA4T2FNZ3
9,2564.0,All centers are affiliated with one of the major certifying bodies,data-slices,14.0,There are a few centers that are unconnected to major certifying bodies.,contradiction,AFU00NU09CFXE
0,2564.0,All centers are affiliated with one of the major certifying bodies,original,15.0,There are no centers that are unconnected to major certifying bodies.,entailment,A17LF7GCAFYMSL
48,2653.0,he's written a lot of books boy he just sits down eight hours a day just like any other job,gradient,144.0,He has spent more than four hours a day once just to write.,entailment,A1G452MFAS690B
51,2653.0,he's written a lot of books boy he just sits down eight hours a day just like any other job,content-words,145.0,He has spent less than four hours at once just to write.,neutral,AKQAI78JTXXC9
54,2653.0,he's written a lot of books boy he just sits down eight hours a day just like any other job,data-slices,146.0,He has to sit down for four hours at once just to write.,neutral,A1PAY3X73PQ16S
57,2653.0,he's written a lot of books boy he just sits down eight hours a day just like any other job,original,147.0,He has spent more than four hours at once just to write.,entailment,A25KM5DM1Z09ZN
36,3146.0,"Second, we said that government does have a limited role in addressing the problem.",gradient,112.0,We said the government does not give much attention to the problem.,entailment,AZ8JL3QNIPY4U
39,3146.0,"Second, we said that government does have a limited role in addressing the problem.",content-words,113.0,The government did not give much attention to the problem.,neutral,A2JP9IKRHNLRPI
42,3146.0,"Second, we said that government does have a limited role in addressing the problem.",data-slices,114.0,The government doesn't give much attention to the problem.,entailment,A1PAY3X73PQ16S
45,3146.0,"Second, we said that government does have a limited role in addressing the problem.",original,115.0,The government does not give much attention to the problem.,entailment,A28LMUIZO84GAX
48,3157.0,"Life seems to have changed little in generations, though the mud-brick houses now have the benefit of electricity.",gradient,128.0,The mud-brick houses still have access to electricity.,entailment,A1G452MFAS690B
51,3157.0,"Life seems to have changed little in generations, though the mud-brick houses now have the benefit of electricity.",content-words,129.0,The mud-brick houses used to not have access to electricity.,entailment,AKQAI78JTXXC9
54,3157.0,"Life seems to have changed little in generations, though the mud-brick houses now have the benefit of electricity.",data-slices,130.0,The mud-brick houses still don't have access to electricity.,contradiction,A1PAY3X73PQ16S
57,3157.0,"Life seems to have changed little in generations, though the mud-brick houses now have the benefit of electricity.",original,131.0,The mud-brick houses still do not have access to electricity.,contradiction,A25KM5DM1Z09ZN
84,3223.0,The internal controls that were considered adequate for external financial reporting were not always sufficient for performance management.,gradient,240.0,"The Internal controls were good enough for the external financial reporting, but sometimes needed more.",neutral,AYHK8DTZONHKC
87,3223.0,The internal controls that were considered adequate for external financial reporting were not always sufficient for performance management.,content-words,241.0,The Internal controls were good enough for the external financial reporting but nothing more for performance management.,entailment,A26NGLGGFTATVN
90,3223.0,The internal controls that were considered adequate for external financial reporting were not always sufficient for performance management.,data-slices,242.0,The Internal controls were good enough for the external financial reporting.,entailment,ASVRLMDNQBUD9
93,3223.0,The internal controls that were considered adequate for external financial reporting were not always sufficient for performance management.,original,243.0,The Internal controls were good enough for the external financial reporting but nothing more.,contradiction,A2EAJ7834XI2IT
177,3379.0,"He's there working in the dark, silently, unobtrusively.",gradient,452.0,He is working to gather up all of the pens in the office so no work can be done.,contradiction,A3RYI5HXC2MJLN
168,3379.0,"He's there working in the dark, silently, unobtrusively.",content-words,453.0,He is working to gather up all of the pens in the open so that no work can be done.,neutral,A3TJ2AMFKJGXL4
171,3379.0,"He's there working in the dark, silently, unobtrusively.",data-slices,454.0,He is working to gather up all the pens in the office so that no work can be done.,neutral,A34CPKFZXBX1PO
174,3379.0,"He's there working in the dark, silently, unobtrusively.",original,455.0,He is working to gather up all of the pens in the office so that no work can be done.,neutral,AC0BP4IGV99MS
195,3432.0,to fill it up i think that's great and you weigh your container you know and then you weigh your salad after that,gradient,540.0,You pay a fee to get all you can eat in the salad bar.,contradiction,A3CE0SWITZK3UD
198,3432.0,to fill it up i think that's great and you weigh your container you know and then you weigh your salad after that,content-words,541.0,You pay a fee to an all you can eat in the salad.,contradiction,ACJ12KIXGZZFH
201,3432.0,to fill it up i think that's great and you weigh your container you know and then you weigh your salad after that,data-slices,542.0,You pay a fee before you can eat in the salad bar.,neutral,A147F5PJTHOB8A
192,3432.0,to fill it up i think that's great and you weigh your container you know and then you weigh your salad after that,original,543.0,You pay a fee to an all you can eat in the salad bar.,contradiction,AQORJW4W8U9YU
228,3476.0,"Considering all the misery the Goldmans have been through, one can't begrudge them a night on the town and a little stargazing.",gradient,608.0,The Goldmans' night on the town is simply for fun and they have experienced previous hardships.,entailment,A2SD7GN80U31GW
231,3476.0,"Considering all the misery the Goldmans have been through, one can't begrudge them a night on the town and a little stargazing.",content-words,609.0,The Goldmans' night on the town is simply for fun and they have endured a lot of hardships.,entailment,A1DS5O8MSI3ZH0
234,3476.0,"Considering all the misery the Goldmans have been through, one can't begrudge them a night on the town and a little stargazing.",data-slices,610.0,The Goldmans' night on the town is simply for fun and they don't care about their previous hardships.,neutral,AKQAI78JTXXC9
237,3476.0,"Considering all the misery the Goldmans have been through, one can't begrudge them a night on the town and a little stargazing.",original,611.0,The Goldmans' night on the town is simply for fun and they have not experienced previous hardships.,contradiction,A1F1BIPJR11LSR
267,3544.0,"Of course, the one tax concept that we all understand is an audit.",gradient,716.0,Of course the concept we all understand regarding taxes is the audit.,entailment,A1PAY3X73PQ16S
270,3544.0,"Of course, the one tax concept that we all understand is an audit.",content-words,717.0,"Of course, the concept we all understand regarding taxes is the IRS.",neutral,A3UP4PP3ZF1J39
273,3544.0,"Of course, the one tax concept that we all understand is an audit.",data-slices,718.0,"Of course, the concept we understand regarding taxes is the audit.",entailment,A2IG18D6M0GNUZ
264,3544.0,"Of course, the one tax concept that we all understand is an audit.",original,719.0,"Of course, the concept we all understand regarding taxes is the audit.",entailment,AWAW665TQQP2F
183,3922.0,These people simply decided a man was well and ordered him out.,gradient,492.0,The people ordered out men they thought were not well.,contradiction,A382SL9ROIY1P6
186,3922.0,These people simply decided a man was well and ordered him out.,content-words,493.0,The people only cared about people who were not well.,entailment,A2T11H7YI7QPGD
189,3922.0,These people simply decided a man was well and ordered him out.,data-slices,494.0,The people only cared about men they thought were well.,neutral,A1PAY3X73PQ16S
180,3922.0,These people simply decided a man was well and ordered him out.,original,495.0,The people only cared about men they thought were not well.,neutral,A273PAYHIAJHO7
231,4008.0,"Planted with hundreds of pretty blooms, all in pristine condition, it has kept accurate time since its creation in 1903.",gradient,636.0,The sundial has been in place for more than a century.,neutral,A1DS5O8MSI3ZH0
234,4008.0,"Planted with hundreds of pretty blooms, all in pristine condition, it has kept accurate time since its creation in 1903.",content-words,637.0,This plant has kept accurate time for more than a century.,entailment,AKQAI78JTXXC9
237,4008.0,"Planted with hundreds of pretty blooms, all in pristine condition, it has kept accurate time since its creation in 1903.",data-slices,638.0,The sundial has kept accurate times for more than a century.,entailment,A1F1BIPJR11LSR
228,4008.0,"Planted with hundreds of pretty blooms, all in pristine condition, it has kept accurate time since its creation in 1903.",original,639.0,The sundial has kept accurate time for more than a century.,entailment,A2SD7GN80U31GW
0,4096.0,"He may have to send cables, or something like that.",gradient,0.0,There's no possibility that he will not have to send a cable or something similar.,contradiction,A17LF7GCAFYMSL
3,4096.0,"He may have to send cables, or something like that.",content-words,1.0,There's no guarantee that he will have to send a cable or something similar.,entailment,A2XJH3WC02RMXQ
6,4096.0,"He may have to send cables, or something like that.",data-slices,2.0,There's a possibility that he will have to send a cable or something similar.,entailment,A9ZBEA4T2FNZ3
9,4096.0,"He may have to send cables, or something like that.",original,3.0,There's no possibility that he will have to send a cable or something similar.,neutral,AFU00NU09CFXE
24,4139.0,I thought it fit both the holiday season and the postal rate case postmortem.,gradient,64.0,I thought it fit both the holiday seasona and the postal rate case before the fact.,contradiction,A2XJH3WC02RMXQ
27,4139.0,I thought it fit both the holiday season and the postal rate case postmortem.,content-words,65.0,I thought it fit both the holiday seasona and the postal rate case before the fact.,neutral,A3SLISG1IED7TZ
30,4139.0,I thought it fit both the holiday season and the postal rate case postmortem.,data-slices,66.0,I thought it fit both the holiday seasona and the postal rate case postmortem after the fact.,neutral,A1D9ZWU1M46SAF
33,4139.0,I thought it fit both the holiday season and the postal rate case postmortem.,original,67.0,I thought it fit both the holiday seasona and the postal rate case after the fact.,entailment,A2T11H7YI7QPGD
33,4153.0,Or that people are too stupid to realize what's bad for them?,gradient,84.0,People are not stupid enough to realize what's good and bad for them.,contradiction,A2T11H7YI7QPGD
24,4153.0,Or that people are too stupid to realize what's bad for them?,content-words,85.0,They are certainly not stupid enough to realize what's good and bad for them.,neutral,A2XJH3WC02RMXQ
27,4153.0,Or that people are too stupid to realize what's bad for them?,data-slices,86.0,People are certainly stupid enough to realize what's good and bad for them.,neutral,A3SLISG1IED7TZ
30,4153.0,Or that people are too stupid to realize what's bad for them?,original,87.0,People are certainly not stupid enough to realize what's good and bad for them.,neutral,A1D9ZWU1M46SAF
39,4178.0,No small entity in any industry would need to increase its prices by more than .05 percent to compensate for the costs of compliance with the final rule.,gradient,124.0,Most small companies employ under 500 people and will have to raise their prices to make up for the rule.,neutral,A2JP9IKRHNLRPI
42,4178.0,No small entity in any industry would need to increase its prices by more than .05 percent to compensate for the costs of compliance with the final rule.,content-words,125.0,Most large companies employ under 500 people and will have no problem adjusting prices to make up for the rule.,entailment,A1PAY3X73PQ16S
45,4178.0,No small entity in any industry would need to increase its prices by more than .05 percent to compensate for the costs of compliance with the final rule.,data-slices,126.0,Most small companies employ under 500 people and will have no trouble adjusting prices to make up for the rule.,entailment,A28LMUIZO84GAX
36,4178.0,No small entity in any industry would need to increase its prices by more than .05 percent to compensate for the costs of compliance with the final rule.,original,127.0,Most small companies employ under 500 people and will have no problem adjusting prices to make up for the rule.,neutral,AZ8JL3QNIPY4U
93,4243.0,But what's more likely is that time and the natural course of campaigns will take their toll.,gradient,228.0,The campaigns always take  a toll after some time.,neutral,A2EAJ7834XI2IT
84,4243.0,But what's more likely is that time and the natural course of campaigns will take their toll.,content-words,229.0,The campaigns will take  a break for some time.,neutral,AYHK8DTZONHKC
87,4243.0,But what's more likely is that time and the natural course of campaigns will take their toll.,data-slices,230.0,The campaigns will take  a long time.,neutral,A26NGLGGFTATVN
90,4243.0,But what's more likely is that time and the natural course of campaigns will take their toll.,original,231.0,The campaigns will take  a toll after some time.,neutral,ASVRLMDNQBUD9
234,4508.0,"They sell tax-free goods for travelers from outside the EU, with shipping arranged on site.",gradient,616.0,Travelers from the EU can buy tax-free goods at the site.,neutral,AKQAI78JTXXC9
237,4508.0,"They sell tax-free goods for travelers from outside the EU, with shipping arranged on site.",content-words,617.0,Travelers not from the EU can only buy tax -free goods at the site.,neutral,A1F1BIPJR11LSR
228,4508.0,"They sell tax-free goods for travelers from outside the EU, with shipping arranged on site.",data-slices,618.0,Travelers from the EU can buy tax-free goods at the site.,entailment,A2SD7GN80U31GW
231,4508.0,"They sell tax-free goods for travelers from outside the EU, with shipping arranged on site.",original,619.0,Travelers not from the EU can buy tax-free goods at the site.,entailment,A1DS5O8MSI3ZH0
249,4524.0,"It convened client and community advocates, as well as legal services staff who embrace the concept of client-centered legal services.",gradient,644.0,"The clients and community advocates, however, do not embrace the concept of client-centered legal services.",contradiction,AKQAI78JTXXC9
240,4524.0,"It convened client and community advocates, as well as legal services staff who embrace the concept of client-centered legal services.",content-words,645.0,The clients and community advocates embrace the concept of client-centered legal services.,entailment,A2SD7GN80U31GW
243,4524.0,"It convened client and community advocates, as well as legal services staff who embrace the concept of client-centered legal services.",data-slices,646.0,The clients and community advocates embrace the concept of client-centered legal services.,neutral,A2PDEHYI2M81EC
246,4524.0,"It convened client and community advocates, as well as legal services staff who embrace the concept of client-centered legal services.",original,647.0,The clients and community advocates do not embrace the concept of client-centered legal services.,contradiction,A2NHFSO7GMM8QR
66,4719.0,The balance of the funds is granted to small entities that provide legal services and assistance to the indigent.,gradient,168.0,The funds are sent to entities with more than ten employees.,neutral,A746183X8258H
69,4719.0,The balance of the funds is granted to small entities that provide legal services and assistance to the indigent.,content-words,169.0,The funds are sent to large corporations with less than ten employees.,contradiction,A1CX45M5UVAM9R
60,4719.0,The balance of the funds is granted to small entities that provide legal services and assistance to the indigent.,data-slices,170.0,The funds are sent to entities with more than ten employees.,contradiction,A16P7DW4CB4JPM
63,4719.0,The balance of the funds is granted to small entities that provide legal services and assistance to the indigent.,original,171.0,The funds are sent to entities with less than ten employees.,neutral,A2JP9IKRHNLRPI
99,4789.0,He observed that this system had been effective largely because physicians had seen patients recover.,gradient,284.0,Patient recovery has been evident in the observations of the system.,entailment,A365SN61J4UNGR
102,4789.0,He observed that this system had been effective largely because physicians had seen patients recover.,content-words,285.0,Patient recover has not been evident in the observations of the system.,contradiction,AAPRQ5DHT6X2R
105,4789.0,He observed that this system had been effective largely because physicians had seen patients recover.,data-slices,286.0,Patient recovery has been very evident in the observations of the system.,entailment,A9HQ3E0F2AGVO
96,4789.0,He observed that this system had been effective largely because physicians had seen patients recover.,original,287.0,Patient recovery has not been evident in the observations of the system.,contradiction,ATKLWAX72HM7A
156,4895.0,That's enough to put you on the cover of Time magazine as the financial genius of the century.,gradient,416.0,The genius of the century would not be allowed to feature on the cover of Time.,entailment,AKQAI78JTXXC9
159,4895.0,That's enough to put you on the cover of Time magazine as the financial genius of the century.,content-words,417.0,The true financial genius of the century would not be allowed to feature on the cover of Time.,contradiction,A1ZT30BGR3266K
162,4895.0,That's enough to put you on the cover of Time magazine as the financial genius of the century.,data-slices,418.0,The financial genius of the century would be allowed to feature on the cover of Time.,entailment,A1F1BIPJR11LSR
165,4895.0,That's enough to put you on the cover of Time magazine as the financial genius of the century.,original,419.0,The financial genius of the century would not be allowed to feature on the cover of Time.,contradiction,AVIEE6LDH0BT5
156,4907.0,uh well i haven't tried that i don't know it's been i bet it's it's been  thirty years since i played tennis,gradient,432.0,I think I have played tennis for more than ten years.,neutral,AKQAI78JTXXC9
159,4907.0,uh well i haven't tried that i don't know it's been i bet it's it's been  thirty years since i played tennis,content-words,433.0,I don't think I have played tennis for longer than ten years.,entailment,A1ZT30BGR3266K
162,4907.0,uh well i haven't tried that i don't know it's been i bet it's it's been  thirty years since i played tennis,data-slices,434.0,I don't think I have played tennis for less than ten years.,contradiction,A1F1BIPJR11LSR
165,4907.0,uh well i haven't tried that i don't know it's been i bet it's it's been  thirty years since i played tennis,original,435.0,I don't think I have played tennis for more than ten years.,entailment,AVIEE6LDH0BT5
252,5063.0,"Jones' lawyers went on several TV shows, threatening to raise further allegations in court.",gradient,688.0,Jones' lawyers had to defend their claims on tv.,neutral,A1PBFDQR599N3K
255,5063.0,"Jones' lawyers went on several TV shows, threatening to raise further allegations in court.",content-words,689.0,Jones' lawyers could not defend their claims on.,neutral,AV22FQTJNBUZT
258,5063.0,"Jones' lawyers went on several TV shows, threatening to raise further allegations in court.",data-slices,690.0,Jones' lawyers could not afford to defend their claims on tv.,neutral,AV22FQTJNBUZT
261,5063.0,"Jones' lawyers went on several TV shows, threatening to raise further allegations in court.",original,691.0,Jones' lawyers could not defend their claims on tv.,contradiction,A1F1BIPJR11LSR
75,5250.0,"If the offset and penalty payment are made 31 or more days after the deadline, the penalty is three times the auction clearing price.",gradient,204.0,"The penalty is three times the auction clearing price, if the offset and penalties are made 31 or more days after the deadline.",entailment,A3KU8DC7HJOGCM
78,5250.0,"If the offset and penalty payment are made 31 or more days after the deadline, the penalty is three times the auction clearing price.",content-words,205.0,"The penalty is three times the auction clearing price, if the offset and penalty are made 31 or more weeks after the deadline.",neutral,A1PTH9KTRO06EG
81,5250.0,"If the offset and penalty payment are made 31 or more days after the deadline, the penalty is three times the auction clearing price.",data-slices,206.0,"The penalty is three times the auction clearing price, if the offset and penalty are made 31 or more days before the deadline.",entailment,A2CS8ESKDX6EBA
72,5250.0,"If the offset and penalty payment are made 31 or more days after the deadline, the penalty is three times the auction clearing price.",original,207.0,"The penalty is three times the auction clearing price, if the offset and penalty are made 31 or more days after the deadline.",neutral,A3TUMZ954ORSUC
87,5273.0,It would be a shame to see it finally give in and become more like everywhere else.,gradient,252.0,It will not be pleasant for it to mimic the other places.,entailment,A26NGLGGFTATVN
90,5273.0,It would be a shame to see it finally give in and become more like everywhere else.,content-words,253.0,It would not be bad for it to mimic the other places.,contradiction,ASVRLMDNQBUD9
93,5273.0,It would be a shame to see it finally give in and become more like everywhere else.,data-slices,254.0,It wouldn't be pleasant for it to mimic the other places.,entailment,A2EAJ7834XI2IT
84,5273.0,It would be a shame to see it finally give in and become more like everywhere else.,original,255.0,It would not be pleasant for it to mimic the other places.,neutral,AYHK8DTZONHKC
189,5955.0,"The naughty  How could this have happened at MIT, where, unlike LSU, the kids are supposed to be smart?",gradient,484.0,Students at MIT are supposed to be smarter than those at LSU.,entailment,A1PAY3X73PQ16S
180,5955.0,"The naughty  How could this have happened at MIT, where, unlike LSU, the kids are supposed to be smart?",content-words,485.0,Students at MIT are more smart than those at LSU.,neutral,A273PAYHIAJHO7
183,5955.0,"The naughty  How could this have happened at MIT, where, unlike LSU, the kids are supposed to be smart?",data-slices,486.0,Students at MIT are supposed to be smarter than those at LSU.,entailment,A382SL9ROIY1P6
186,5955.0,"The naughty  How could this have happened at MIT, where, unlike LSU, the kids are supposed to be smart?",original,487.0,Students at MIT are more stupid than those at LSU.,contradiction,A2T11H7YI7QPGD
192,5986.0,oh i didn't even know they were turning any away,gradient,512.0,I had heard the rumours about them turning some away.,contradiction,AQORJW4W8U9YU
195,5986.0,oh i didn't even know they were turning any away,content-words,513.0,I had heard about them turning some away.,contradiction,A3CE0SWITZK3UD
198,5986.0,oh i didn't even know they were turning any away,data-slices,514.0,I had only heard rumours about them turning them away.,entailment,ACJ12KIXGZZFH
201,5986.0,oh i didn't even know they were turning any away,original,515.0,I had only heard rumours about them turning some away.,neutral,A147F5PJTHOB8A
207,5991.0,oh my uh-huh can you do that on a credit card,gradient,556.0,It is odd that you can do that on a credit card.,neutral,A3I9XLIHPPWPN1
210,5991.0,oh my uh-huh can you do that on a credit card,content-words,557.0,It is amazing that you can do that on a credit card.,entailment,A2D62KZUMKIA8K
213,5991.0,oh my uh-huh can you do that on a credit card,data-slices,558.0,It is quite possible that you can do that on a credit card.,neutral,A31681CCEVDIH3
204,5991.0,oh my uh-huh can you do that on a credit card,original,559.0,It is not possible that you can do that on a credit card.,neutral,ACJ6NSCIWMUZI
24,6198.0,This healthy co-existence between greed and generosity has at times been lost on associates.,gradient,80.0,There can not be a healthy co-existence between greed and generosity.,entailment,A2XJH3WC02RMXQ
27,6198.0,This healthy co-existence between greed and generosity has at times been lost on associates.,content-words,81.0,There should not be a healthy coexistence between greed and generosity.,contradiction,A3SLISG1IED7TZ
30,6198.0,This healthy co-existence between greed and generosity has at times been lost on associates.,data-slices,82.0,There should have been a healthy co-existence between greed and generosity.,neutral,A1D9ZWU1M46SAF
33,6198.0,This healthy co-existence between greed and generosity has at times been lost on associates.,original,83.0,There should not be a healthy co-existence between greed and generosity.,contradiction,A2T11H7YI7QPGD
270,7135.0,because of the yeah it's a it's a dry snow it's not a wet slushy snow it's packed,gradient,728.0,I prefer the wet slushy snow and not the dry snow.,neutral,A3UP4PP3ZF1J39
273,7135.0,because of the yeah it's a it's a dry snow it's not a wet slushy snow it's packed,content-words,729.0,"I prefer the wet, slushy snow and not the dry snow.",neutral,A2IG18D6M0GNUZ
264,7135.0,because of the yeah it's a it's a dry snow it's not a wet slushy snow it's packed,data-slices,730.0,I prefer the wet slushy snow and not the dry snow.,neutral,AWAW665TQQP2F
267,7135.0,because of the yeah it's a it's a dry snow it's not a wet slushy snow it's packed,original,731.0,I prefer the wet slushy snow and not the dry snow.,neutral,A1PAY3X73PQ16S
141,7418.0,"Sept. 11 may reflect a failing of the legal profession during a crisis for one group, Muslim and Middle Eastern men.",gradient,356.0,Muslim and Middle Eastern men were betrayed by the legal profession after Sept. 11.,neutral,A12FTSX85NQ8N9
132,7418.0,"Sept. 11 may reflect a failing of the legal profession during a crisis for one group, Muslim and Middle Eastern men.",content-words,357.0,Muslim and Middle Eastern men were betrayed by the legal profession after Sept. 11.,neutral,A8WLCSZLNZ8BL
135,7418.0,"Sept. 11 may reflect a failing of the legal profession during a crisis for one group, Muslim and Middle Eastern men.",data-slices,358.0,Muslim and Middle Eastern men were failed by the legal profession during Sept. 11.,neutral,AIY8KHG5LEXNY
138,7418.0,"Sept. 11 may reflect a failing of the legal profession during a crisis for one group, Muslim and Middle Eastern men.",original,359.0,Muslim and Middle Eastern men were failed by the legal profession after Sept. 11.,neutral,A3RYI5HXC2MJLN
144,7443.0,yeah i don't know i i think that uh i know that judges aren't supposed to be crooked however,gradient,384.0,I am sure that judges are not supposed to be corrupted.,entailment,A1PZIN8H1VI6SY
147,7443.0,yeah i don't know i i think that uh i know that judges aren't supposed to be crooked however,content-words,385.0,I don't think that judges are not supposed to be corrupt.,entailment,A2YOVBJ9EXAI8W
150,7443.0,yeah i don't know i i think that uh i know that judges aren't supposed to be crooked however,data-slices,386.0,I am sure that judges aren't supposed to be corrupt.,entailment,A9HQ3E0F2AGVO
153,7443.0,yeah i don't know i i think that uh i know that judges aren't supposed to be crooked however,original,387.0,I am sure that judges are not supposed to be corrupt.,entailment,A2EZVULYVJOPNO
195,7525.0,"Begun at the height of Napoleon III's Second Empire, it was completed only in 1875, after the Commune.",gradient,524.0,"It was completed in the 20th century, after the Commune.",contradiction,A3CE0SWITZK3UD
198,7525.0,"Begun at the height of Napoleon III's Second Empire, it was completed only in 1875, after the Commune.",content-words,525.0,"It was completed in the 20th century, after the Commune.",contradiction,ACJ12KIXGZZFH
201,7525.0,"Begun at the height of Napoleon III's Second Empire, it was completed only in 1875, after the Commune.",data-slices,526.0,It was completed in the 19th century before the Commune.,contradiction,A147F5PJTHOB8A
192,7525.0,"Begun at the height of Napoleon III's Second Empire, it was completed only in 1875, after the Commune.",original,527.0,"It was completed in the 19th century, after the Commune.",entailment,AQORJW4W8U9YU
267,7648.0,"In this regard, it serves as a communications conduit between management and the information systems staff who design, build, and implement new applications.",gradient,732.0,Management and the information systems staff work in separate buildings which makes communication even harder.,neutral,A1PAY3X73PQ16S
270,7648.0,"In this regard, it serves as a communications conduit between management and the information systems staff who design, build, and implement new applications.",content-words,733.0,Management and the information systems staff work in separate buildings which makes communication even less key.,neutral,A3UP4PP3ZF1J39
273,7648.0,"In this regard, it serves as a communications conduit between management and the information systems staff who design, build, and implement new applications.",data-slices,734.0,Management and the information systems staff work in separate buildings which makes communication difficult.,neutral,A2IG18D6M0GNUZ
264,7648.0,"In this regard, it serves as a communications conduit between management and the information systems staff who design, build, and implement new applications.",original,735.0,Management and the information systems staff work in separate buildings which makes communication even more key.,neutral,AWAW665TQQP2F
15,7715.0,"Because, despite its monopoly power, Microsoft remains subject to the laws of the marketplace.",gradient,44.0,Microsoft is behaving like any other corporation.,contradiction,A3AK3UL0UCNVKE
18,7715.0,"Because, despite its monopoly power, Microsoft remains subject to the laws of the marketplace.",content-words,45.0,Microsoft is behaving like any other corporation.,neutral,A2YOVBJ9EXAI8W
21,7715.0,"Because, despite its monopoly power, Microsoft remains subject to the laws of the marketplace.",data-slices,46.0,Microsoft is exempt from behaving like any other corporation.,entailment,A2XYDJS33I2341
12,7715.0,"Because, despite its monopoly power, Microsoft remains subject to the laws of the marketplace.",original,47.0,Microsoft is not exempt from behaving like any other corporation.,entailment,A29AKJXQ248KNK
39,7752.0,"you're just a common thief, reminding us of the violence he brought to his neighborhood.",gradient,108.0,"in actuality, the level of violence was not very high.",neutral,A2JP9IKRHNLRPI
42,7752.0,"you're just a common thief, reminding us of the violence he brought to his neighborhood.",content-words,109.0,"in the neighborhood, the level of violence was not that high.",neutral,A1PAY3X73PQ16S
45,7752.0,"you're just a common thief, reminding us of the violence he brought to his neighborhood.",data-slices,110.0,"in actuality, the level of violence wasn't that high.",neutral,A28LMUIZO84GAX
36,7752.0,"you're just a common thief, reminding us of the violence he brought to his neighborhood.",original,111.0,"in actuality, the level of violence was not that high.",neutral,AZ8JL3QNIPY4U
96,7852.0,How much good the Norplant option would do is debatable.,gradient,272.0,The Norplant option doesn't have any benefits at all.,neutral,ATKLWAX72HM7A
99,7852.0,How much good the Norplant option would do is debatable.,content-words,273.0,The Norplant option might not have any benefit at all.,entailment,A365SN61J4UNGR
102,7852.0,How much good the Norplant option would do is debatable.,data-slices,274.0,The Norplant option does not have any benefits at all.,contradiction,AAPRQ5DHT6X2R
105,7852.0,How much good the Norplant option would do is debatable.,original,275.0,The Norplant option might not have any benefits at all.,neutral,A9HQ3E0F2AGVO
261,8134.0,"Suck up to your superiors, bark at your inferiors.",gradient,692.0,It's better to kiss up to the people who are in charge of you.,entailment,A1F1BIPJR11LSR
252,8134.0,"Suck up to your superiors, bark at your inferiors.",content-words,693.0,It is better to kiss up to the people that are in charge of you.,entailment,A1PBFDQR599N3K
255,8134.0,"Suck up to your superiors, bark at your inferiors.",data-slices,694.0,It is good to kiss up to the people who are in charge of you.,entailment,AV22FQTJNBUZT
258,8134.0,"Suck up to your superiors, bark at your inferiors.",original,695.0,It is better to kiss up to the people who are in charge of you.,entailment,AV22FQTJNBUZT
54,8284.0,"He told me, 'You don't have to tell me who you are.",gradient,136.0,He knows who I am and wants to know.,neutral,A1PAY3X73PQ16S
57,8284.0,"He told me, 'You don't have to tell me who you are.",content-words,137.0,He has no clue who I am and wants to know.,contradiction,A25KM5DM1Z09ZN
48,8284.0,"He told me, 'You don't have to tell me who you are.",data-slices,138.0,He knows who I am and wants to know.,neutral,A1G452MFAS690B
51,8284.0,"He told me, 'You don't have to tell me who you are.",original,139.0,He has no idea who I am and wants to know.,contradiction,AKQAI78JTXXC9
51,8285.0,"We followed him in, and he shut the door after us. ",gradient,140.0,"We took his lead into the room, and he bolted the door after us.",neutral,AKQAI78JTXXC9
54,8285.0,"We followed him in, and he shut the door after us. ",content-words,141.0,We followed his lead into the room and he bolted the door after us.,neutral,A1PAY3X73PQ16S
57,8285.0,"We followed him in, and he shut the door after us. ",data-slices,142.0,"We followed his lead into the room, and he bolted after us.",neutral,A25KM5DM1Z09ZN
48,8285.0,"We followed him in, and he shut the door after us. ",original,143.0,"We followed his lead into the room, and he bolted the door after us.",entailment,A1G452MFAS690B
54,8289.0,"After some work to make her visitor-friendly, she lowered her gangplank to the public in October 1998.",gradient,152.0,The ship was modified to make it much more accessible for visitors.,entailment,A1PAY3X73PQ16S
57,8289.0,"After some work to make her visitor-friendly, she lowered her gangplank to the public in October 1998.",content-words,153.0,The ship was modified to make it more.,contradiction,A25KM5DM1Z09ZN
48,8289.0,"After some work to make her visitor-friendly, she lowered her gangplank to the public in October 1998.",data-slices,154.0,The ship was modified to make it safer for visitors.,neutral,A1G452MFAS690B
51,8289.0,"After some work to make her visitor-friendly, she lowered her gangplank to the public in October 1998.",original,155.0,The ship was modified to make it more accessible for visitors.,entailment,AKQAI78JTXXC9
63,8313.0,"The Israeli press, which historically has respected the agency's request not to probe its workings, splashed these stories across the front pages.",gradient,188.0,The Israeli press honored the agency's request to not expose its workings.,entailment,A2JP9IKRHNLRPI
66,8313.0,"The Israeli press, which historically has respected the agency's request not to probe its workings, splashed these stories across the front pages.",content-words,189.0,The Israeli press honored the agency's requests not to expose its workings.,contradiction,A746183X8258H
69,8313.0,"The Israeli press, which historically has respected the agency's request not to probe its workings, splashed these stories across the front pages.",data-slices,190.0,The Israeli press honored the agency's request to not expose its workings.,contradiction,A1CX45M5UVAM9R
60,8313.0,"The Israeli press, which historically has respected the agency's request not to probe its workings, splashed these stories across the front pages.",original,191.0,The Israeli press honored the agency's request not to expose its workings.,contradiction,A16P7DW4CB4JPM
147,8472.0,This may have been to stop soldiers on horseback storming into the church.,gradient,396.0,These soldiers were cruel and had no trouble invading churches.,neutral,A2YOVBJ9EXAI8W
150,8472.0,This may have been to stop soldiers on horseback storming into the church.,content-words,397.0,The troops were cruel and had no trouble invading churches.,neutral,A9HQ3E0F2AGVO
153,8472.0,This may have been to stop soldiers on horseback storming into the church.,data-slices,398.0,The soldiers were cruel and had a lot of trouble invading churches.,neutral,A2EZVULYVJOPNO
144,8472.0,This may have been to stop soldiers on horseback storming into the church.,original,399.0,The soldiers were cruel and had no trouble invading churches.,neutral,A1PZIN8H1VI6SY
165,8483.0,"If we do define SBIR upfront, we make the reading more understandable and more efficient.",gradient,420.0,"There are methods to make the reading more understandable, provided we work for it.",neutral,AVIEE6LDH0BT5
156,8483.0,"If we do define SBIR upfront, we make the reading more understandable and more efficient.",content-words,421.0,"There are methods to make the reading more understandable, provided we work for it.",neutral,AKQAI78JTXXC9
159,8483.0,"If we do define SBIR upfront, we make the reading more understandable and more efficient.",data-slices,422.0,There are ways to make the reading more understandable provided we work for it.,entailment,A1ZT30BGR3266K
162,8483.0,"If we do define SBIR upfront, we make the reading more understandable and more efficient.",original,423.0,"There are ways to make the reading more understandable, provided we work for it.",entailment,A1F1BIPJR11LSR
9,8711.0,It's always entertaining to go back and read about the racist inanities of psychiatrists past.,gradient,20.0,It's no surprise that there's an entertaining aspect to seeing the absurdities of racism the psychiatrists of old had.,entailment,AFU00NU09CFXE
0,8711.0,It's always entertaining to go back and read about the racist inanities of psychiatrists past.,content-words,21.0,It's an entertaining aspect to seeing the absurdities of racism the psychiatrists of old had.,entailment,A17LF7GCAFYMSL
3,8711.0,It's always entertaining to go back and read about the racist inanities of psychiatrists past.,data-slices,22.0,There is an amusing aspect to seeing the absurdities of racism the psychiatrists of old had.,entailment,A2XJH3WC02RMXQ
6,8711.0,It's always entertaining to go back and read about the racist inanities of psychiatrists past.,original,23.0,It's no amusing aspect to seeing the absurdities of racism the psychiatrists of old had.,entailment,A9ZBEA4T2FNZ3
3,8721.0,"Those with more highbrow tastes should make for the Tel Aviv Performing Arts Centre, Leonardo Da Vinci Street.",gradient,28.0,The highest of highbrow tastes enjoy the Tel Aviv Performing Arts Center.,neutral,A2XJH3WC02RMXQ
6,8721.0,"Those with more highbrow tastes should make for the Tel Aviv Performing Arts Centre, Leonardo Da Vinci Street.",content-words,29.0,The highest of highbrow tastes enjoy the Tel Aviv Performing Arts Centre most of all.,entailment,A9ZBEA4T2FNZ3
9,8721.0,"Those with more highbrow tastes should make for the Tel Aviv Performing Arts Centre, Leonardo Da Vinci Street.",data-slices,30.0,The highest of highbrow tastes enjoy the Tel Aviv Performing Arts Center most.,entailment,AFU00NU09CFXE
0,8721.0,"Those with more highbrow tastes should make for the Tel Aviv Performing Arts Centre, Leonardo Da Vinci Street.",original,31.0,The highest of highbrow tastes enjoy the Tel Aviv Performing Arts Center most of all.,entailment,A17LF7GCAFYMSL
12,8741.0,i suspect it's probably some crazy man like Saddam Hussein,gradient,48.0,The person behind it is not mentally sound.,neutral,A29AKJXQ248KNK
15,8741.0,i suspect it's probably some crazy man like Saddam Hussein,content-words,49.0,I think the man behind it is not mentally sound.,neutral,A3AK3UL0UCNVKE
18,8741.0,i suspect it's probably some crazy man like Saddam Hussein,data-slices,50.0,I think the person behind it is not as crazy as they sound.,contradiction,A2YOVBJ9EXAI8W
21,8741.0,i suspect it's probably some crazy man like Saddam Hussein,original,51.0,I think the person behind it is not mentally sound.,entailment,A2XYDJS33I2341
51,8802.0,"15 an hour for jobs that often require fieldwork from sunup to sundown during the growing season, Jackson said.",gradient,156.0,"According to Jackson, fieldwork is not being done during the summer.",contradiction,AKQAI78JTXXC9
54,8802.0,"15 an hour for jobs that often require fieldwork from sunup to sundown during the growing season, Jackson said.",content-words,157.0,"According to Jackson, fieldwork is not being done during the summer.",neutral,A1PAY3X73PQ16S
57,8802.0,"15 an hour for jobs that often require fieldwork from sunup to sundown during the growing season, Jackson said.",data-slices,158.0,"According to Jackson, fieldwork is often being done during the growing season.",entailment,A25KM5DM1Z09ZN
48,8802.0,"15 an hour for jobs that often require fieldwork from sunup to sundown during the growing season, Jackson said.",original,159.0,"According to Jackson, fieldwork is not being done during the growing season.",contradiction,A1G452MFAS690B
117,8896.0,Cost per case is a rough quantitative output measure of the efficiency of LSC programs' delivery of case services to eligible clients.,gradient,292.0,Cost per case is a rough qualitative measure of the effiency.,neutral,A5BVUW06ZQ6D3
108,8896.0,Cost per case is a rough quantitative output measure of the efficiency of LSC programs' delivery of case services to eligible clients.,content-words,293.0,Cost per case was not a measure of the effiency.,neutral,AYZX9T7RBX3ZP
111,8896.0,Cost per case is a rough quantitative output measure of the efficiency of LSC programs' delivery of case services to eligible clients.,data-slices,294.0,Cost per case is a measure of the effiency.,entailment,A2LR8E4O0FY66O
114,8896.0,Cost per case is a rough quantitative output measure of the efficiency of LSC programs' delivery of case services to eligible clients.,original,295.0,Cost per case is not a measure of the effiency.,contradiction,A2YOVBJ9EXAI8W
135,8962.0,"The public areas are spectacular, the rooms a bit less so, but a long-awaited renovation was carried out in 1998.",gradient,364.0,"Though nice, the rooms really use some sprucing up.",entailment,AIY8KHG5LEXNY
138,8962.0,"The public areas are spectacular, the rooms a bit less so, but a long-awaited renovation was carried out in 1998.",content-words,365.0,"Though nice, the areas could really use some sprucing up.",neutral,A3RYI5HXC2MJLN
141,8962.0,"The public areas are spectacular, the rooms a bit less so, but a long-awaited renovation was carried out in 1998.",data-slices,366.0,"Though nice, the rooms could use some sprucing up.",neutral,A12FTSX85NQ8N9
132,8962.0,"The public areas are spectacular, the rooms a bit less so, but a long-awaited renovation was carried out in 1998.",original,367.0,"Though nice, the rooms could really use some sprucing up.",neutral,A8WLCSZLNZ8BL
210,9074.0,This opened in 1990 to a chorus of hostile comment.,gradient,568.0,The people loved this when it opened in 1990.,contradiction,A2D62KZUMKIA8K
213,9074.0,This opened in 1990 to a chorus of hostile comment.,content-words,569.0,The public was not like this when it opened in 1990.,neutral,A31681CCEVDIH3
204,9074.0,This opened in 1990 to a chorus of hostile comment.,data-slices,570.0,The people did not like it when it opened in 1990.,entailment,ACJ6NSCIWMUZI
207,9074.0,This opened in 1990 to a chorus of hostile comment.,original,571.0,The people did not like this when it opened in 1990.,entailment,A3I9XLIHPPWPN1
237,9113.0,"This is not a reflection of declining athletic standards in Britain, however; it's a function of how much more competitive other nations have become.",gradient,612.0,"Besides Britain and the US, other nations have become much more competitive.",entailment,A1F1BIPJR11LSR
228,9113.0,"This is not a reflection of declining athletic standards in Britain, however; it's a function of how much more competitive other nations have become.",content-words,613.0,"Besides Britain, all other nations have become much more competitive.",entailment,A2SD7GN80U31GW
231,9113.0,"This is not a reflection of declining athletic standards in Britain, however; it's a function of how much more competitive other nations have become.",data-slices,614.0,"Besides Britain, other nations have become more competitive.",entailment,A1DS5O8MSI3ZH0
234,9113.0,"This is not a reflection of declining athletic standards in Britain, however; it's a function of how much more competitive other nations have become.",original,615.0,"Besides Britain, other nations have become much more competitive.",entailment,AKQAI78JTXXC9
21,9244.0,Which is cause and which is effect here is an open question.,gradient,36.0,There is no way to know which is cause or which is effect.,entailment,A2XYDJS33I2341
12,9244.0,Which is cause and which is effect here is an open question.,content-words,37.0,There is no way to know which is cause or which is effect.,entailment,A29AKJXQ248KNK
15,9244.0,Which is cause and which is effect here is an open question.,data-slices,38.0,There is not a solid answer to which is cause or which is effect.,entailment,A3AK3UL0UCNVKE
18,9244.0,Which is cause and which is effect here is an open question.,original,39.0,There is no solid answer to which is cause or which is effect.,neutral,A2YOVBJ9EXAI8W
150,9501.0,"In comparison, if the same parts are produced with manufacturing processes at a Cpk of 1.33, the probability of each part being defect free is 99.",gradient,408.0,A part can never have more than a 90 percent chance of having a defect.,neutral,A9HQ3E0F2AGVO
153,9501.0,"In comparison, if the same parts are produced with manufacturing processes at a Cpk of 1.33, the probability of each part being defect free is 99.",content-words,409.0,A part can never have more than a 99 percent chance of not having a defect.,neutral,A2EZVULYVJOPNO
144,9501.0,"In comparison, if the same parts are produced with manufacturing processes at a Cpk of 1.33, the probability of each part being defect free is 99.",data-slices,410.0,A part can never have less than a 90 percent chance of not having a defect.,neutral,A1PZIN8H1VI6SY
147,9501.0,"In comparison, if the same parts are produced with manufacturing processes at a Cpk of 1.33, the probability of each part being defect free is 99.",original,411.0,A part can never have more than a 90 percent chance of not having a defect.,neutral,A2YOVBJ9EXAI8W
105,9893.0,But here it seems less a chance to make a buck than something akin to grade inflation.,gradient,260.0,There is more of a chance to make a buck here because there are not many opportunities available.,neutral,A9HQ3E0F2AGVO
96,9893.0,But here it seems less a chance to make a buck than something akin to grade inflation.,content-words,261.0,There is a chance to make a buck here because there are not many opportunities available.,neutral,ATKLWAX72HM7A
99,9893.0,But here it seems less a chance to make a buck than something akin to grade inflation.,data-slices,262.0,There is more of a chance to make a buck here because there are not many opportunities available.,contradiction,A365SN61J4UNGR
102,9893.0,But here it seems less a chance to make a buck than something akin to grade inflation.,original,263.0,There is less chance to make a buck here because there are not many opportunities available.,neutral,AAPRQ5DHT6X2R
99,9898.0,The question seems to demand a yes/no answer.,gradient,268.0,The inquiry does not demand a yes or a no for a response.,contradiction,A365SN61J4UNGR
102,9898.0,The question seems to demand a yes/no answer.,content-words,269.0,The inquiry needed a yes or no answer for a response.,entailment,AAPRQ5DHT6X2R
105,9898.0,The question seems to demand a yes/no answer.,data-slices,270.0,The inquiry needed a yes or no answer in order for a response.,entailment,A9HQ3E0F2AGVO
96,9898.0,The question seems to demand a yes/no answer.,original,271.0,The inquiry needed a yes or a no for a response.,entailment,ATKLWAX72HM7A
123,9967.0,"Anyway, I think clue No. 2 is more promising.""",gradient,332.0,Clue number one has the most promise of all.,contradiction,A37STRL9Z7ZDSD
126,9967.0,"Anyway, I think clue No. 2 is more promising.""",content-words,333.0,Clue number one shows the most promise of all.,contradiction,A2SD7GN80U31GW
129,9967.0,"Anyway, I think clue No. 2 is more promising.""",data-slices,334.0,Clue number one shows the most promise.,contradiction,A1ZT30BGR3266K
120,9967.0,"Anyway, I think clue No. 2 is more promising.""",original,335.0,Clue number one shows the most promise of all.,contradiction,A3V2XCDF45VN9X
132,9986.0,yeah i understand did you exercise between your first child and your second,gradient,368.0,Did you work out after the first child and before the second?,entailment,A8WLCSZLNZ8BL
135,9986.0,yeah i understand did you exercise between your first child and your second,content-words,369.0,Did you work out after your first child or before the second?,neutral,AIY8KHG5LEXNY
138,9986.0,yeah i understand did you exercise between your first child and your second,data-slices,370.0,Did you work out after your first child and before your second?,entailment,A3RYI5HXC2MJLN
141,9986.0,yeah i understand did you exercise between your first child and your second,original,371.0,Did you work out after your first child and before the second?,neutral,A12FTSX85NQ8N9
174,10563.0,"After all, one young man is much like another.""",gradient,472.0,After all it is true that one old man is much like another.,contradiction,AC0BP4IGV99MS
177,10563.0,"After all, one young man is much like another.""",content-words,473.0,After all it is obvious that one young man is much like another.,entailment,A3RYI5HXC2MJLN
168,10563.0,"After all, one young man is much like another.""",data-slices,474.0,"After all, it is true that one young man is much like another.",entailment,A3TJ2AMFKJGXL4
171,10563.0,"After all, one young man is much like another.""",original,475.0,After all it is true that one young man is much like another.,entailment,A34CPKFZXBX1PO
213,10610.0,"For all three problems there are only three  cut benefits, raise revenues, or borrow.",gradient,564.0,"There are only two solutions to these problems and they are cut benefits and raise or borrow more money,",contradiction,A31681CCEVDIH3
204,10610.0,"For all three problems there are only three  cut benefits, raise revenues, or borrow.",content-words,565.0,"There are only two of these problems and they are cut benefits and raise or borrow more money,",contradiction,ACJ6NSCIWMUZI
207,10610.0,"For all three problems there are only three  cut benefits, raise revenues, or borrow.",data-slices,566.0,"There are only three solutions to these problems and they are cut benefits and raise or borrow money,",neutral,A3I9XLIHPPWPN1
210,10610.0,"For all three problems there are only three  cut benefits, raise revenues, or borrow.",original,567.0,"There are only three solutions to these problems and they are cut benefits and raise or borrow more money,",entailment,A2D62KZUMKIA8K
252,10692.0,"And when he did five to seven copypastes, which resulted in two smaller contracts, he felt even more than secure.",gradient,672.0,When he did five to seven copy pastes he felt even more secure than he did before.,neutral,A1PBFDQR599N3K
255,10692.0,"And when he did five to seven copypastes, which resulted in two smaller contracts, he felt even more than secure.",content-words,673.0,When he did five to six pastes he felt even more secure than he did the night before.,entailment,AV22FQTJNBUZT
258,10692.0,"And when he did five to seven copypastes, which resulted in two smaller contracts, he felt even more than secure.",data-slices,674.0,When he did five to seven copy pastes he felt even more secure than he did the night prior.,neutral,AV22FQTJNBUZT
261,10692.0,"And when he did five to seven copypastes, which resulted in two smaller contracts, he felt even more than secure.",original,675.0,When he did five to seven copy pastes he felt even more secure than he did the night before.,entailment,A1F1BIPJR11LSR
27,10817.0,The SEC has submitted to our Office a cost-benefit analysis of the final rule.,gradient,92.0,The cost-benefit analysis submitted by the SEC has not been made yet.,contradiction,A3SLISG1IED7TZ
30,10817.0,The SEC has submitted to our Office a cost-benefit analysis of the final rule.,content-words,93.0,The analysis of the final rule of the SEC has not been made yet.,contradiction,A1D9ZWU1M46SAF
33,10817.0,The SEC has submitted to our Office a cost-benefit analysis of the final rule.,data-slices,94.0,The final rule of the SEC has not been finalized yet.,contradiction,A2T11H7YI7QPGD
24,10817.0,The SEC has submitted to our Office a cost-benefit analysis of the final rule.,original,95.0,The final rule of the SEC has not been made yet.,contradiction,A2XJH3WC02RMXQ
72,10890.0,yeah exactly or the way you look or the way you you know your age or anything i think that'd be a wonderful way to do it,gradient,208.0,I'm not judging by age or what you look like.,neutral,A3TUMZ954ORSUC
75,10890.0,yeah exactly or the way you look or the way you you know your age or anything i think that'd be a wonderful way to do it,content-words,209.0,"Yes, not judging by your age or what you look like.",contradiction,A3KU8DC7HJOGCM
78,10890.0,yeah exactly or the way you look or the way you you know your age or anything i think that'd be a wonderful way to do it,data-slices,210.0,"Yes, I don't think you should be judging by age or what you look like.",neutral,A1PTH9KTRO06EG
81,10890.0,yeah exactly or the way you look or the way you you know your age or anything i think that'd be a wonderful way to do it,original,211.0,"Yes, not judging by age or what you look like. ",neutral,A2CS8ESKDX6EBA
177,11258.0,Data converted to 2000 dollars using the consumer price index for all urban consumers.,gradient,468.0,Data converted to 2000 dollars for all urban consumers using the consumer price index.,entailment,A3RYI5HXC2MJLN
168,11258.0,Data converted to 2000 dollars using the consumer price index for all urban consumers.,content-words,469.0,Data converted to 2000 dollars for all urban consumers using the consumer price index.,entailment,A3TJ2AMFKJGXL4
171,11258.0,Data converted to 2000 dollars using the consumer price index for all urban consumers.,data-slices,470.0,"Data converted to 2k dollars for all urban consumers, using the consumer price index.",entailment,A34CPKFZXBX1PO
174,11258.0,Data converted to 2000 dollars using the consumer price index for all urban consumers.,original,471.0,Data converted to 2k dollars for all urban consumers using the consumer price index.,entailment,AC0BP4IGV99MS
45,11344.0,hum boy that makes the governor's vote a whole lot more important doesn't it,gradient,116.0,I would give more weight to the governor's vote.,entailment,A28LMUIZO84GAX
36,11344.0,hum boy that makes the governor's vote a whole lot more important doesn't it,content-words,117.0,Well that would give more weight to the governor voting yes.,entailment,AZ8JL3QNIPY4U
39,11344.0,hum boy that makes the governor's vote a whole lot more important doesn't it,data-slices,118.0,Well that would give him less importance than the governor's vote.,neutral,A2JP9IKRHNLRPI
42,11344.0,hum boy that makes the governor's vote a whole lot more important doesn't it,original,119.0,Well that would give more weight to the governor's vote.,entailment,A1PAY3X73PQ16S
69,11378.0,"Imme?di?ately to the right of Jesus is the weighing of the souls, with Saint Michael trying to stop Satan from cheating.",gradient,180.0,"Jesus, Mary, Saint Michael, and Satan are all visible.",neutral,A1CX45M5UVAM9R
60,11378.0,"Imme?di?ately to the right of Jesus is the weighing of the souls, with Saint Michael trying to stop Satan from cheating.",content-words,181.0,"Jesus, Saint Michael, and Satan are all sinners.",contradiction,A16P7DW4CB4JPM
63,11378.0,"Imme?di?ately to the right of Jesus is the weighing of the souls, with Saint Michael trying to stop Satan from cheating.",data-slices,182.0,"Jesus, Saint Michael, and Satan are.",contradiction,A2JP9IKRHNLRPI
66,11378.0,"Imme?di?ately to the right of Jesus is the weighing of the souls, with Saint Michael trying to stop Satan from cheating.",original,183.0,"Jesus, Saint Michael, and Satan are all visible.",entailment,A746183X8258H
114,11487.0,"And an equal sum for Mr. Beresford, of course."" Tuppence beamed upon him.",gradient,312.0,Tuppence dod not wish for Mr. Beresford not to get an equal share.,contradiction,A2YOVBJ9EXAI8W
117,11487.0,"And an equal sum for Mr. Beresford, of course."" Tuppence beamed upon him.",content-words,313.0,Tuppence dod not wish for Mr. Beresford to get less than his share.,entailment,A5BVUW06ZQ6D3
108,11487.0,"And an equal sum for Mr. Beresford, of course."" Tuppence beamed upon him.",data-slices,314.0,Tuppence was happy for Mr. Beresford to get an equal share.,neutral,AYZX9T7RBX3ZP
111,11487.0,"And an equal sum for Mr. Beresford, of course."" Tuppence beamed upon him.",original,315.0,Tuppence dod not wish for Mr. Beresford to get an equal share.,contradiction,A2LR8E4O0FY66O
171,11588.0,"Using only the data in the table, several bases for clustering could be considered.",gradient,476.0,"If you use only people's opinions, there could be some considerations regarding clustering.",neutral,A34CPKFZXBX1PO
174,11588.0,"Using only the data in the table, several bases for clustering could be considered.",content-words,477.0,"If one uses only people's opinions, there could be some issues regarding clustering.",contradiction,AC0BP4IGV99MS
177,11588.0,"Using only the data in the table, several bases for clustering could be considered.",data-slices,478.0,"If one uses only people's opinions, there could be additional considerations regarding clustering.",neutral,A3RYI5HXC2MJLN
168,11588.0,"Using only the data in the table, several bases for clustering could be considered.",original,479.0,"If one uses only people's opinions, there could be some considerations regarding clustering.",neutral,A3TJ2AMFKJGXL4
237,11686.0,The result was an enormous protest outside the Tribune by Hispanic groups that took his comments literally and demanded that he be fired.,gradient,628.0,Some Hispanic groups were not impressed with the comments he made.,entailment,A1F1BIPJR11LSR
228,11686.0,The result was an enormous protest outside the Tribune by Hispanic groups that took his comments literally and demanded that he be fired.,content-words,629.0,Some Hispanic groups were happy with the comments he made.,neutral,A2SD7GN80U31GW
231,11686.0,The result was an enormous protest outside the Tribune by Hispanic groups that took his comments literally and demanded that he be fired.,data-slices,630.0,Some Hispanic groups weren't happy with the comments he made.,entailment,A1DS5O8MSI3ZH0
234,11686.0,The result was an enormous protest outside the Tribune by Hispanic groups that took his comments literally and demanded that he be fired.,original,631.0,Some Hispanic groups were not happy with the comments he made.,entailment,AKQAI78JTXXC9
249,11708.0,Prices on electronics have risen in the past two years; check prices at home before you buy here.,gradient,660.0,The prices of electronics is at an.,contradiction,AKQAI78JTXXC9
240,11708.0,Prices on electronics have risen in the past two years; check prices at home before you buy here.,content-words,661.0,The prices of electronics is at an all time high.,neutral,A2SD7GN80U31GW
243,11708.0,Prices on electronics have risen in the past two years; check prices at home before you buy here.,data-slices,662.0,The prices of electronics is at an all-time low.,contradiction,A2PDEHYI2M81EC
246,11708.0,Prices on electronics have risen in the past two years; check prices at home before you buy here.,original,663.0,The prices of electronics is at an all time low.,contradiction,A2NHFSO7GMM8QR
21,11813.0,"In September 1996, we reported that audit reports and agency selfassessments issued during the previous 2 years showed that weak information security was a widespread problem.",gradient,52.0,"In September 1996, we said the past 2 audit reports showed information security.",entailment,A2XYDJS33I2341
12,11813.0,"In September 1996, we reported that audit reports and agency selfassessments issued during the previous 2 years showed that weak information security was a widespread problem.",content-words,53.0,"In September 1996, we said the past 2 audit reports showed that strong information security was an issue.",contradiction,A29AKJXQ248KNK
15,11813.0,"In September 1996, we reported that audit reports and agency selfassessments issued during the previous 2 years showed that weak information security was a widespread problem.",data-slices,54.0,"In September 1996, we said the previous 2 audit reports showed information security was an issue.",entailment,A3AK3UL0UCNVKE
18,11813.0,"In September 1996, we reported that audit reports and agency selfassessments issued during the previous 2 years showed that weak information security was a widespread problem.",original,55.0,"In September 1996, we said the past 2 audit reports showed information security was an issue.",entailment,A2YOVBJ9EXAI8W
84,11922.0,"However, if they cannot use those interventions in their clinical setting, the interventions are of no use.",gradient,224.0,The interventions are no use unless conducted outside of the clinical setting.,contradiction,AYHK8DTZONHKC
87,11922.0,"However, if they cannot use those interventions in their clinical setting, the interventions are of no use.",content-words,225.0,The interventions are no use unless conducted outside of a clinical context.,entailment,A26NGLGGFTATVN
90,11922.0,"However, if they cannot use those interventions in their clinical setting, the interventions are of no use.",data-slices,226.0,The interventions are of no use unless conducted outside of a clinical setting.,entailment,ASVRLMDNQBUD9
93,11922.0,"However, if they cannot use those interventions in their clinical setting, the interventions are of no use.",original,227.0,The interventions are no use unless conducted outside of a clinical setting.,contradiction,A2EAJ7834XI2IT
165,12075.0,Distribution of Rural Routes by Density (Boxes per Mile) Selective Averagesa (1989),gradient,436.0,"Rural routes all have densities below 1,000 people per mile.",neutral,AVIEE6LDH0BT5
156,12075.0,Distribution of Rural Routes by Density (Boxes per Mile) Selective Averagesa (1989),content-words,437.0,Rural routes all have the same density of 100 people per mile.,entailment,AKQAI78JTXXC9
159,12075.0,Distribution of Rural Routes by Density (Boxes per Mile) Selective Averagesa (1989),data-slices,438.0,Rural routes that have densities below 100 people per mile.,neutral,A1ZT30BGR3266K
162,12075.0,Distribution of Rural Routes by Density (Boxes per Mile) Selective Averagesa (1989),original,439.0,Rural routes all have densities below 100 people per mile.,neutral,A1F1BIPJR11LSR
240,12200.0,The Loire Valley is impressive for more than its countless cha?teaux.,gradient,640.0,There is a point in visiting the chateaus in the Loire Valley.,entailment,A2SD7GN80U31GW
243,12200.0,The Loire Valley is impressive for more than its countless cha?teaux.,content-words,641.0,There is great value in visiting the chateaus in the Loire Valley.,neutral,A2PDEHYI2M81EC
246,12200.0,The Loire Valley is impressive for more than its countless cha?teaux.,data-slices,642.0,There is little point in visiting the chateaus in the Loire Valley.,neutral,A2NHFSO7GMM8QR
249,12200.0,The Loire Valley is impressive for more than its countless cha?teaux.,original,643.0,There is no point in visiting the chateaus in the Loire Valley.,contradiction,AKQAI78JTXXC9
6,12301.0,and and then see that way you'll find out if they have a problem because if they keep taking it they have a problem,gradient,24.0,and It never hurts to find out if there's a problem.,neutral,A9ZBEA4T2FNZ3
9,12301.0,and and then see that way you'll find out if they have a problem because if they keep taking it they have a problem,content-words,25.0,It never hurts to find out if there's a problem first.,neutral,AFU00NU09CFXE
0,12301.0,and and then see that way you'll find out if they have a problem because if they keep taking it they have a problem,data-slices,26.0,It hurts to find out if there's a problem.,contradiction,A17LF7GCAFYMSL
3,12301.0,and and then see that way you'll find out if they have a problem because if they keep taking it they have a problem,original,27.0,It never hurts to find out if there's a problem.,neutral,A2XJH3WC02RMXQ
30,12342.0,and uh i like to think that my children my sons learned a lot about uh the outdoors uh uh uh being self-sustaining,gradient,72.0,There is very much my sons do not know about the outdoors.,contradiction,A1D9ZWU1M46SAF
33,12342.0,and uh i like to think that my children my sons learned a lot about uh the outdoors uh uh uh being self-sustaining,content-words,73.0,There isn't anything my children do not know about the outdoors.,contradiction,A2T11H7YI7QPGD
24,12342.0,and uh i like to think that my children my sons learned a lot about uh the outdoors uh uh uh being self-sustaining,data-slices,74.0,There isn't much my sons don't know about the outdoors.,neutral,A2XJH3WC02RMXQ
27,12342.0,and uh i like to think that my children my sons learned a lot about uh the outdoors uh uh uh being self-sustaining,original,75.0,There isn't much my sons do not know about the outdoors.,entailment,A3SLISG1IED7TZ
57,12378.0,"In some States, an interim air-operating permit may need to be obtained until the Title V permit is modified.",gradient,132.0,"An interim air-operating permit may need to be obtained until changes occurs, but only in a few States.",entailment,A25KM5DM1Z09ZN
48,12378.0,"In some States, an interim air-operating permit may need to be obtained until the Title V permit is modified.",content-words,133.0,"An interim air-operating permit may need to be obtained until changes occurs, but only in some.",entailment,A1G452MFAS690B
51,12378.0,"In some States, an interim air-operating permit may need to be obtained until the Title V permit is modified.",data-slices,134.0,"An interim air-operating permit may need to be obtained until changes occurs, but only in a few States.",entailment,AKQAI78JTXXC9
54,12378.0,"In some States, an interim air-operating permit may need to be obtained until the Title V permit is modified.",original,135.0,"An interim air-operating permit may need to be obtained until changes occurs, but only in some States.",neutral,A1PAY3X73PQ16S
81,12411.0,"He fished me in, Concannon said, adding, People need lawyers, and there's a growing amount of poor that need pro bono services.",gradient,196.0,The pro bono services are not very popular with lawyers or the poor ones.,contradiction,A2CS8ESKDX6EBA
72,12411.0,"He fished me in, Concannon said, adding, People need lawyers, and there's a growing amount of poor that need pro bono services.",content-words,197.0,"The pro bono services are not very popular among lawyers, especially experienced ones.",neutral,A3TUMZ954ORSUC
75,12411.0,"He fished me in, Concannon said, adding, People need lawyers, and there's a growing amount of poor that need pro bono services.",data-slices,198.0,"The pro bono services are very popular with lawyers, especially experienced ones.",neutral,A3KU8DC7HJOGCM
78,12411.0,"He fished me in, Concannon said, adding, People need lawyers, and there's a growing amount of poor that need pro bono services.",original,199.0,"The pro bono services are not very popular with lawyers, especially experienced ones.",contradiction,A1PTH9KTRO06EG
120,12520.0,The program focused less attention on the human factors that contribute to marine safety.,gradient,320.0,The program pays much more attention to things other than human factors in marine safety.,neutral,A3V2XCDF45VN9X
123,12520.0,The program focused less attention on the human factors that contribute to marine safety.,content-words,321.0,The program should have paid more attention to things other than human factors in marine safety.,neutral,A37STRL9Z7ZDSD
126,12520.0,The program focused less attention on the human factors that contribute to marine safety.,data-slices,322.0,The program paid more attention to things other than human factors in marine safety.,entailment,A2SD7GN80U31GW
129,12520.0,The program focused less attention on the human factors that contribute to marine safety.,original,323.0,The program pays more attention to things other than human factors in marine safety.,entailment,A1ZT30BGR3266K
126,12536.0,"At one point, he'd taken 14 shots and hit only four.",gradient,344.0,"At one point, he thought he had hit all the shots he had taken.",neutral,A2SD7GN80U31GW
129,12536.0,"At one point, he'd taken 14 shots and hit only four.",content-words,345.0,"At one point, it wasn't clear if he had hit all the shots he had taken.",neutral,A1ZT30BGR3266K
120,12536.0,"At one point, he'd taken 14 shots and hit only four.",data-slices,346.0,"At one point, he had hit only four of the shots he had taken.",entailment,A3V2XCDF45VN9X
123,12536.0,"At one point, he'd taken 14 shots and hit only four.",original,347.0,"At one point, he had hit all the shots he had taken.",contradiction,A37STRL9Z7ZDSD
171,12602.0,An article derides the lack of authentic pop-music acts.,gradient,460.0,"Pop-music acts are authentic, and allow no improvisation.",contradiction,A34CPKFZXBX1PO
174,12602.0,An article derides the lack of authentic pop-music acts.,content-words,461.0,"Pop-music acts are authentic, and allow no improvisation.",contradiction,AC0BP4IGV99MS
177,12602.0,An article derides the lack of authentic pop-music acts.,data-slices,462.0,"Pop-music acts are scripted, with no improvisation.",entailment,A3RYI5HXC2MJLN
168,12602.0,An article derides the lack of authentic pop-music acts.,original,463.0,"Pop-music acts are scripted, and allow no improvisation.",neutral,A3TJ2AMFKJGXL4
219,12690.0,"For me, it's been a policy difference over big taxes and [putting] the government in charge of everybody's political speech.",gradient,604.0,Big taxes mean more to me than the government being in charge of everyone's political speech.,neutral,A2YOVBJ9EXAI8W
222,12690.0,"For me, it's been a policy difference over big taxes and [putting] the government in charge of everybody's political speech.",content-words,605.0,Big taxes mean more to me than government being in charge of everybody's political speech.,contradiction,A273PAYHIAJHO7
225,12690.0,"For me, it's been a policy difference over big taxes and [putting] the government in charge of everybody's political speech.",data-slices,606.0,Big taxes are more important to me than the government being in charge of everybody's political speech.,neutral,A24RGLS3BRZ60J
216,12690.0,"For me, it's been a policy difference over big taxes and [putting] the government in charge of everybody's political speech.",original,607.0,Big taxes mean more to me than the government being in charge of everybody's political speech.,neutral,A3TJ2AMFKJGXL4
63,12912.0,"But there it is, she can tell you nothing."" 116 ""But why, man? ",gradient,172.0,"But there it is, she cannot speak at the present moment.",entailment,A2JP9IKRHNLRPI
66,12912.0,"But there it is, she can tell you nothing."" 116 ""But why, man? ",content-words,173.0,"But there it is, she cannot speak at.",neutral,A746183X8258H
69,12912.0,"But there it is, she can tell you nothing."" 116 ""But why, man? ",data-slices,174.0,"But there it is, she can tell you nothing at the moment.",entailment,A1CX45M5UVAM9R
60,12912.0,"But there it is, she can tell you nothing."" 116 ""But why, man? ",original,175.0,"But there it is, she cannot speak at the moment.",neutral,A16P7DW4CB4JPM
108,12990.0,It also will allow the organization to house in one building its migrant-worker legal assistance program and a newer basic services program.,gradient,288.0,They were hoping to have more services within the organization.,neutral,AYZX9T7RBX3ZP
111,12990.0,It also will allow the organization to house in one building its migrant-worker legal assistance program and a newer basic services program.,content-words,289.0,They were hoping to have more services within the organization.,entailment,A2LR8E4O0FY66O
114,12990.0,It also will allow the organization to house in one building its migrant-worker legal assistance program and a newer basic services program.,data-slices,290.0,They were able to keep all the services within the organization.,entailment,A2YOVBJ9EXAI8W
117,12990.0,It also will allow the organization to house in one building its migrant-worker legal assistance program and a newer basic services program.,original,291.0,They were able to have more services within the organization.,entailment,A5BVUW06ZQ6D3
